Year,Channel,Orders,Units_Sold,Revenue,Profit,Profit_Margin_Percent
2024,Online,16617,39337,304022096.36,73999737.75,24.34
2024,Store,7512,17810,136654146.34,33513350.0,24.52
2024,Marketplace,6094,14103,108590596.63,26432733.31,24.34
2025,Online,16571,39080,300115785.74,73924623.17,24.63
2025,Store,7466,17843,136071246.82,33707667.92,24.77
2025,Marketplace,5879,13712,104826666.47,25380076.69,24.21
2026,Online,8134,19461,148296522.81,36414153.54,24.55
2026,Store,3626,8711,67700653.77,16734115.51,24.72
2026,Marketplace,3021,7120,55347321.8,13478296.63,24.35
