Region_ID,Region,Category,Orders,Customers,Units_Sold,Revenue,Cost,Profit,Profit_Margin_Percent,Average_Order_Value,Category_Revenue_Rank_In_Region,Region_Revenue_Rank_In_Category
R025,Central,Electronics,594,217,1354,12801955.11,9639019.76,3162935.35,24.71,21552.11,1,17
R025,Central,Beauty,624,229,1444,11453191.03,8458356.17,2994834.86,26.15,18354.47,2,5
R024,Central,Electronics,536,213,1263,11050042.75,8294220.38,2755822.37,24.94,20615.75,1,25
R025,Central,Sports,658,226,1488,10545638.23,8049524.41,2496113.82,23.67,16026.81,3,13
R024,Central,Home,633,223,1510,10502814.61,8137681.13,2365133.48,22.52,16592.12,2,10
R024,Central,Beauty,591,220,1376,10428476.03,7800961.78,2627514.25,25.2,17645.48,3,18
R025,Central,Home,602,226,1453,10131749.1,7848547.73,2283201.37,22.54,16830.15,4,14
R024,Central,Fashion,585,221,1405,10079826.76,7448862.42,2630964.34,26.1,17230.47,4,8
R024,Central,Sports,587,223,1334,9617018.6,7336862.48,2280156.12,23.71,16383.34,5,22
R025,Central,Fashion,598,224,1370,9500065.72,7054235.68,2445830.04,25.75,15886.4,5,17
R013,East,Electronics,656,229,1597,14611951.78,11001399.81,3610551.97,24.71,22274.32,1,3
R012,East,Electronics,660,233,1599,14519000.53,10995281.43,3523719.1,24.27,21998.49,1,4
R014,East,Electronics,513,194,1250,12086520.81,9064135.59,3022385.22,25.01,23560.47,1,21
R012,East,Sports,638,229,1553,11976117.76,9038908.91,2937208.85,24.53,18771.34,2,3
R013,East,Sports,611,223,1464,11250182.46,8603471.87,2646710.59,23.53,18412.74,2,7
R012,East,Beauty,605,226,1411,11243155.02,8416112.53,2827042.49,25.14,18583.73,3,9
R013,East,Home,655,228,1533,10948674.55,8528132.24,2420542.31,22.11,16715.53,3,4
R012,East,Home,641,233,1538,10842651.84,8434321.54,2408330.3,22.21,16915.21,4,5
R013,East,Fashion,637,230,1465,10447549.09,7762818.91,2684730.18,25.7,16401.18,4,5
R012,East,Fashion,632,232,1456,10435850.52,7737803.51,2698047.01,25.85,16512.42,5,6
R013,East,Beauty,590,220,1407,10174172.24,7625580.15,2548592.09,25.05,17244.36,5,20
R014,East,Beauty,574,196,1344,9641310.34,7189673.04,2451637.3,25.43,16796.71,2,23
R014,East,Sports,509,193,1253,9449034.43,7157763.24,2291271.19,24.25,18563.92,3,25
R014,East,Home,526,191,1229,8425132.68,6526943.97,1898188.71,22.53,16017.36,4,25
R014,East,Fashion,517,190,1160,7842862.59,5818290.23,2024572.36,25.81,15169.95,5,25
R010,North,Electronics,669,246,1543,14108227.87,10611434.13,3496793.74,24.79,21088.53,1,6
R005,North,Electronics,585,218,1419,13719746.04,10252929.41,3466816.63,25.27,23452.56,1,8
R006,North,Electronics,584,211,1421,13447488.33,10132688.47,3314799.86,24.65,23026.52,1,10
R007,North,Electronics,631,232,1443,13176778.36,9998248.17,3178530.19,24.12,20882.37,1,12
R010,North,Sports,721,257,1657,12802892.47,9784223.28,3018669.19,23.58,17757.13,2,1
R009,North,Electronics,571,222,1334,12439557.23,9229161.95,3210395.28,25.81,21785.56,1,20
R010,North,Beauty,686,246,1624,12281527.96,9203309.39,3078218.57,25.06,17903.1,3,2
R009,North,Beauty,647,228,1552,12086646.04,9013071.81,3073574.23,25.43,18681.06,2,3
R010,North,Fashion,685,250,1683,11669836.39,8644233.84,3025602.55,25.93,17036.26,4,1
R011,North,Electronics,531,210,1256,11468181.97,8579007.1,2889174.87,25.19,21597.33,1,23
R007,North,Sports,604,228,1468,11402921.79,8681946.1,2720975.69,23.86,18879.01,2,5
R005,North,Sports,624,224,1504,11387180.02,8745737.98,2641442.04,23.2,18248.69,2,6
R011,North,Beauty,603,215,1410,11266021.23,8463640.62,2802380.61,24.87,18683.29,2,7
R010,North,Home,662,248,1541,11156384.08,8693942.62,2462441.46,22.07,16852.54,5,1
R008,North,Electronics,546,193,1238,11129844.73,8452280.12,2677564.61,24.06,20384.33,1,24
R009,North,Home,617,222,1500,11047796.58,8637321.92,2410474.66,21.82,17905.67,3,2
R007,North,Home,638,228,1553,10954776.48,8553878.26,2400898.22,21.92,17170.5,3,3
R007,North,Fashion,643,230,1577,10764560.44,8066576.48,2697983.96,25.06,16741.15,4,3
R005,North,Beauty,588,221,1377,10739383.22,8058294.32,2681088.9,24.97,18264.26,3,13
R011,North,Sports,578,208,1392,10574143.56,8032202.52,2541941.04,24.04,18294.37,3,12
R005,North,Home,627,217,1446,10525903.86,8175817.41,2350086.45,22.33,16787.73,4,9
R007,North,Beauty,576,232,1372,10363564.82,7729420.0,2634144.82,25.42,17992.3,5,19
R009,North,Fashion,613,226,1455,10251929.83,7458578.14,2793351.69,27.25,16724.19,4,7
R006,North,Sports,555,202,1348,10032765.97,7630431.03,2402334.94,23.94,18077.06,2,18
R009,North,Sports,607,222,1424,9919705.1,7561555.51,2358149.59,23.77,16342.18,5,19
R006,North,Beauty,561,201,1298,9864568.51,7341768.81,2522799.7,25.57,17583.9,3,21
R006,North,Fashion,574,203,1377,9821956.79,7329184.58,2492772.21,25.38,17111.42,4,14
R008,North,Sports,528,189,1222,9602243.84,7307799.11,2294444.73,23.89,18186.07,2,23
R011,North,Home,578,212,1356,9547703.3,7432979.08,2114724.22,22.15,16518.52,4,16
R005,North,Fashion,597,217,1411,9429241.94,6976382.59,2452859.35,26.01,15794.38,5,19
R008,North,Beauty,520,187,1263,9379723.35,7040812.85,2338910.5,24.94,18037.93,3,24
R011,North,Fashion,590,216,1394,9295357.35,6956069.54,2339287.81,25.17,15754.84,5,21
R008,North,Home,496,194,1251,9181254.91,7086155.26,2095099.65,22.82,18510.59,4,22
R006,North,Home,556,205,1320,9170982.76,7191820.2,1979162.56,21.58,16494.57,5,23
R008,North,Fashion,529,194,1233,8815967.77,6512796.97,2303170.8,26.12,16665.35,5,24
R019,South,Electronics,629,229,1502,14647436.08,10957912.17,3689523.91,25.19,23286.86,1,2
R016,South,Electronics,661,240,1564,14513606.89,10871252.44,3642354.45,25.1,21957.05,1,5
R018,South,Electronics,630,225,1501,14074413.79,10563755.03,3510658.76,24.94,22340.34,1,7
R020,South,Electronics,596,214,1417,13190342.17,9887331.12,3303011.05,25.04,22131.45,1,11
R022,South,Electronics,613,224,1432,13140008.43,9842995.24,3297013.19,25.09,21435.58,1,13
R023,South,Electronics,604,224,1401,12956705.28,9765051.87,3191653.41,24.63,21451.5,1,15
R017,South,Electronics,609,227,1445,12896562.32,9737260.96,3159301.36,24.5,21176.62,1,16
R021,South,Electronics,566,208,1369,12742448.72,9603505.15,3138943.57,24.63,22513.16,1,19
R016,South,Beauty,694,246,1638,12653628.67,9414099.96,3239528.71,25.6,18232.89,2,1
R018,South,Sports,680,229,1549,12144036.01,9221609.39,2922426.62,24.06,17858.88,2,2
R015,South,Beauty,592,218,1459,11993802.02,8862028.65,3131773.37,26.11,20259.8,1,4
R016,South,Fashion,684,246,1684,11651833.42,8623059.32,3028774.1,25.99,17034.84,3,2
R015,South,Electronics,558,209,1267,11479234.49,8680311.38,2798923.11,24.38,20572.1,2,22
R019,South,Sports,627,220,1509,11449775.74,8663440.97,2786334.77,24.34,18261.21,2,4
R021,South,Sports,614,214,1426,11249588.87,8574330.72,2675258.15,23.78,18321.81,2,8
R023,South,Beauty,609,223,1441,11244860.7,8399467.61,2845393.09,25.3,18464.47,2,8
R016,South,Sports,656,240,1500,11209548.41,8491109.09,2718439.32,24.25,17087.73,4,9
R018,South,Beauty,609,232,1468,10821625.85,8045962.15,2775663.7,25.65,17769.5,3,10
R019,South,Beauty,603,224,1431,10767086.07,8015386.91,2751699.16,25.56,17855.86,3,11
R016,South,Home,656,251,1616,10764826.45,8339599.95,2425226.5,22.53,16409.8,5,6
R022,South,Beauty,595,215,1432,10744991.49,7989881.1,2755110.39,25.64,18058.81,2,12
R023,South,Home,629,232,1522,10689589.33,8222577.78,2467011.55,23.08,16994.58,3,7
R018,South,Fashion,591,222,1443,10580165.07,7833728.94,2746436.13,25.96,17902.14,4,4
R017,South,Beauty,614,235,1415,10572333.53,7978690.34,2593643.19,24.53,17218.78,2,15
R019,South,Home,617,225,1450,10561038.65,8152881.77,2408156.88,22.8,17116.76,4,8
R020,South,Beauty,596,214,1402,10532384.37,7866132.35,2666252.02,25.31,17671.79,2,16
R015,South,Sports,573,208,1365,10167132.12,7732974.99,2434157.13,23.94,17743.69,3,15
R020,South,Home,568,209,1390,10165097.5,7862956.58,2302140.92,22.65,17896.3,3,11
R017,South,Home,611,227,1436,10145164.14,7951141.68,2194022.46,21.63,16604.2,3,13
R023,South,Sports,592,222,1351,10118335.51,7642852.45,2475483.06,24.47,17091.78,4,16
R023,South,Fashion,627,223,1461,10018703.27,7495571.29,2523131.98,25.18,15978.79,5,9
R022,South,Home,604,219,1363,9973329.73,7759140.83,2214188.9,22.2,16512.14,3,15
R015,South,Fashion,592,216,1405,9942007.07,7388646.92,2553360.15,25.68,16793.93,4,10
R017,South,Sports,595,227,1421,9913784.6,7445379.58,2468405.02,24.9,16661.82,4,20
R017,South,Fashion,594,230,1398,9825372.42,7254768.94,2570603.48,26.16,16541.03,5,13
R022,South,Sports,561,219,1302,9705164.78,7370601.86,2334562.92,24.05,17299.76,4,21
R021,South,Fashion,537,202,1322,9696413.68,7134406.5,2562007.18,26.42,18056.64,3,15
R020,South,Fashion,582,216,1347,9554060.47,7066356.14,2487704.33,26.04,16415.91,4,16
R020,South,Sports,544,215,1275,9467014.42,7188453.0,2278561.42,24.07,17402.6,5,24
R015,South,Home,556,214,1298,9461342.04,7343122.35,2118219.69,22.39,17016.8,5,18
R021,South,Home,575,211,1316,9423349.82,7299780.8,2123569.02,22.54,16388.43,4,19
R019,South,Fashion,589,219,1392,9391640.76,7033071.86,2358568.9,25.11,15945.06,5,20
R021,South,Beauty,574,215,1334,9349638.16,6972408.19,2377229.97,25.43,16288.57,5,25
R022,South,Fashion,553,211,1310,9129294.02,6685461.09,2443832.93,26.77,16508.67,5,22
R018,South,Home,596,224,1353,9115860.19,7149005.47,1966854.72,21.58,15295.07,5,24
R001,West,Electronics,636,223,1583,14814420.81,11076478.53,3737942.28,25.23,23293.11,1,1
R003,West,Electronics,585,207,1401,13555322.1,10045306.27,3510015.83,25.89,23171.49,1,9
R002,West,Electronics,585,216,1405,13036233.33,9794861.9,3241371.43,24.86,22284.16,1,14
R004,West,Electronics,570,219,1361,12744063.06,9591582.68,3152480.38,24.74,22358.01,1,18
R001,West,Beauty,626,228,1511,11317401.66,8527354.99,2790046.67,24.65,18078.92,2,6
R001,West,Sports,622,230,1499,11053587.71,8424033.25,2629554.46,23.79,17771.04,3,10
R002,West,Beauty,608,211,1379,10681319.0,8037442.39,2643876.61,24.75,17567.96,2,14
R004,West,Sports,625,216,1457,10575445.03,8027380.88,2548064.15,24.09,16920.71,2,11
R003,West,Beauty,583,217,1389,10439029.17,7760681.85,2678347.32,25.66,17905.71,2,17
R003,West,Sports,591,215,1391,10184315.03,7757890.6,2426424.43,23.83,17232.34,3,14
R001,West,Home,627,229,1518,10164571.16,7968850.08,2195721.08,21.6,16211.44,4,12
R002,West,Sports,563,209,1346,10076634.44,7692464.02,2384170.42,23.66,17898.11,3,17
R001,West,Fashion,609,226,1422,9941103.07,7420938.11,2520164.96,25.35,16323.65,5,11
R003,West,Fashion,595,214,1427,9937192.09,7455160.28,2482031.81,24.98,16701.16,4,12
R004,West,Beauty,563,218,1309,9764688.79,7194590.78,2570098.01,26.32,17344.03,3,22
R002,West,Home,592,212,1392,9503504.74,7359679.83,2143824.91,22.56,16053.22,4,17
R004,West,Fashion,588,215,1370,9482920.64,7010517.1,2472403.54,26.07,16127.42,4,18
R004,West,Home,554,218,1296,9383869.82,7169636.94,2214232.88,23.6,16938.39,5,20
R003,West,Home,586,218,1376,9191522.1,7114405.62,2077116.48,22.6,15685.19,5,21
R002,West,Fashion,565,213,1305,9111606.0,6696954.76,2414651.24,26.5,16126.74,5,23
