Region_ID,Region,Year,Month_Number,Actual_Revenue,Target_Revenue,Revenue_Variance,Revenue_Achievement_Percent,Actual_Profit,Target_Profit,Profit_Variance,Profit_Achievement_Percent,Actual_Units,Actual_Orders
R001,West,2024,1.0,2208071.37,,,,534846.69,,,,282,126
R002,West,2024,1.0,1652573.06,,,,437169.08,,,,211,97
R003,West,2024,1.0,1577638.32,1955192.1,-377553.78,80.69,393086.95,380654.99,12431.96,103.27,198,89
R004,West,2024,1.0,1763150.64,,,,434552.48,,,,217,92
R005,North,2024,1.0,1723186.32,,,,424375.19,,,,209,93
R006,North,2024,1.0,1421753.07,,,,352220.21,,,,202,88
R007,North,2024,1.0,1824703.73,1802366.22,22337.51,101.24,385923.99,418635.26,-32711.27,92.19,262,108
R008,North,2024,1.0,1695969.12,,,,396904.09,,,,207,96
R009,North,2024,1.0,1644011.46,,,,393404.42,,,,221,96
R010,North,2024,1.0,2130133.63,1785340.29,344793.34,119.31,532069.26,354742.4,177326.86,149.99,289,125
R011,North,2024,1.0,1847535.81,,,,413977.5,,,,255,109
R012,East,2024,1.0,2042484.05,1780282.59,262201.46,114.73,485388.17,282662.05,202726.12,171.72,264,106
R013,East,2024,1.0,2280209.92,,,,572865.48,,,,299,125
R014,East,2024,1.0,1747358.34,,,,418823.63,,,,211,90
R015,South,2024,1.0,1464659.25,,,,306480.03,,,,200,88
R016,South,2024,1.0,1911547.53,2676275.8,-764728.27,71.43,474084.88,409508.44,64576.44,115.77,237,114
R017,South,2024,1.0,1540264.54,2545431.15,-1005166.61,60.51,406645.68,476768.89,-70123.21,85.29,210,89
R018,South,2024,1.0,1841519.65,2532569.43,-691049.78,72.71,464435.9,470345.76,-5909.86,98.74,243,107
R019,South,2024,1.0,2278107.59,,,,497715.31,,,,287,122
R020,South,2024,1.0,1830777.69,,,,439670.23,,,,242,98
R021,South,2024,1.0,1582108.06,1923368.97,-341260.91,82.26,365687.91,351316.51,14371.4,104.09,209,93
R022,South,2024,1.0,2000156.05,2251033.37,-250877.32,88.86,486184.73,416940.85,69243.88,116.61,247,111
R023,South,2024,1.0,1639148.24,2364914.82,-725766.58,69.31,416367.52,352878.31,63489.21,117.99,224,94
R024,Central,2024,1.0,2006473.18,,,,494934.7,,,,271,107
R025,Central,2024,1.0,2275180.9,,,,562452.2,,,,283,114
R001,West,2024,2.0,1568153.1,,,,373133.35,,,,219,96
R002,West,2024,2.0,1724986.15,,,,458258.82,,,,227,106
R003,West,2024,2.0,1326191.01,,,,310019.14,,,,174,82
R004,West,2024,2.0,1956072.11,1854491.61,101580.5,105.48,513031.27,460622.45,52408.82,111.38,254,105
R005,North,2024,2.0,2030035.15,1643741.49,386293.66,123.5,468202.35,263485.76,204716.59,177.7,265,102
R006,North,2024,2.0,1596194.3,,,,367578.24,,,,206,86
R007,North,2024,2.0,1481812.15,,,,352163.9,,,,185,73
R008,North,2024,2.0,1497761.97,,,,313232.7,,,,205,94
R009,North,2024,2.0,2103770.19,2348010.61,-244240.42,89.6,493629.41,397129.05,96500.36,124.3,245,103
R010,North,2024,2.0,2004406.06,,,,531104.0,,,,260,118
R011,North,2024,2.0,1611018.34,1542081.44,68936.9,104.47,391203.03,321775.67,69427.36,121.58,201,81
R012,East,2024,2.0,2201290.69,,,,542511.37,,,,280,108
R013,East,2024,2.0,2289406.96,,,,611554.29,,,,273,114
R014,East,2024,2.0,1490826.37,,,,384273.41,,,,200,90
R015,South,2024,2.0,1424001.26,1883865.97,-459864.71,75.59,351497.57,382630.95,-31133.38,91.86,180,75
R016,South,2024,2.0,2148115.1,2448155.41,-300040.31,87.74,527860.35,448110.91,79749.44,117.8,258,106
R017,South,2024,2.0,1738927.26,2275671.74,-536744.48,76.41,375547.0,330677.16,44869.84,113.57,236,90
R018,South,2024,2.0,1481015.71,2020740.67,-539724.96,73.29,390525.24,293622.67,96902.57,133.0,182,86
R019,South,2024,2.0,1538081.0,2013935.19,-475854.19,76.37,358781.34,332591.91,26189.43,107.87,194,87
R020,South,2024,2.0,1355265.1,,,,345792.91,,,,174,73
R021,South,2024,2.0,1434000.58,,,,386299.81,,,,189,83
R022,South,2024,2.0,1575645.7,,,,383596.67,,,,215,95
R023,South,2024,2.0,2026677.8,,,,526037.0,,,,242,99
R024,Central,2024,2.0,1506540.31,,,,371913.14,,,,171,81
R025,Central,2024,2.0,1647779.03,2498514.79,-850735.76,65.95,408966.43,328922.73,80043.7,124.34,224,100
R001,West,2024,3.0,1959458.1,,,,475366.53,,,,262,101
R002,West,2024,3.0,1903228.3,,,,465594.63,,,,241,95
R003,West,2024,3.0,2162389.42,,,,532014.25,,,,303,108
R004,West,2024,3.0,1677335.92,2657724.02,-980388.1,63.11,412408.05,289500.1,122907.95,142.46,214,91
R005,North,2024,3.0,2002116.33,1486334.78,515781.55,134.7,498799.14,425108.4,73690.74,117.33,263,107
R006,North,2024,3.0,2126527.06,,,,531503.83,,,,277,110
R007,North,2024,3.0,2516291.06,1808487.57,707803.49,139.14,584498.46,372276.51,212221.95,157.01,312,122
R008,North,2024,3.0,1485563.79,,,,353635.65,,,,202,84
R009,North,2024,3.0,2259320.16,,,,552238.02,,,,292,125
R010,North,2024,3.0,2347599.9,,,,547230.95,,,,315,131
R011,North,2024,3.0,1494367.2,1386625.72,107741.48,107.77,372280.46,405855.01,-33574.55,91.73,217,92
R012,East,2024,3.0,2116553.14,,,,465408.97,,,,265,122
R013,East,2024,3.0,1626830.86,,,,383778.02,,,,222,100
R014,East,2024,3.0,1714657.55,1980880.43,-266222.88,86.56,405708.97,401995.41,3713.56,100.92,215,89
R015,South,2024,3.0,1591768.97,,,,373191.06,,,,214,95
R016,South,2024,3.0,2265707.74,2151367.12,114340.62,105.31,581644.93,358584.79,223060.14,162.21,276,115
R017,South,2024,3.0,1423248.24,,,,348331.9,,,,216,92
R018,South,2024,3.0,2205671.93,,,,542809.71,,,,287,113
R019,South,2024,3.0,1470360.6,2239178.18,-768817.58,65.67,382342.28,260274.46,122067.82,146.9,181,87
R020,South,2024,3.0,2135389.24,,,,531277.95,,,,268,106
R021,South,2024,3.0,1969394.79,1948650.64,20744.15,101.06,431868.26,335519.45,96348.81,128.72,237,86
R022,South,2024,3.0,1690796.89,2336934.47,-646137.58,72.35,429804.49,307651.38,122153.11,139.71,206,93
R023,South,2024,3.0,1378082.45,,,,317237.99,,,,196,91
R024,Central,2024,3.0,1512283.47,,,,354800.58,,,,219,80
R025,Central,2024,3.0,2258266.1,1628917.6,629348.5,138.64,581551.98,487331.61,94220.37,119.33,285,129
R001,West,2024,4.0,1877303.71,,,,376151.9,,,,250,103
R002,West,2024,4.0,1494465.66,2354100.33,-859634.67,63.48,368287.89,338192.31,30095.58,108.9,213,102
R003,West,2024,4.0,1709203.84,,,,446649.99,,,,222,82
R004,West,2024,4.0,1650700.87,,,,391210.69,,,,203,84
R005,North,2024,4.0,1959251.28,1949782.08,9469.2,100.49,489801.9,350304.75,139497.15,139.82,235,108
R006,North,2024,4.0,2532684.39,2190738.34,341946.05,115.61,587051.0,322900.86,264150.14,181.81,292,108
R007,North,2024,4.0,2021022.5,,,,459890.83,,,,268,107
R008,North,2024,4.0,1417712.47,,,,345143.54,,,,192,81
R009,North,2024,4.0,1523240.56,2770046.14,-1246805.58,54.99,372302.51,421214.21,-48911.7,88.39,219,86
R010,North,2024,4.0,1757748.44,2267491.12,-509742.68,77.52,376310.03,276578.11,99731.92,136.06,228,98
R011,North,2024,4.0,1322511.57,2224000.74,-901489.17,59.47,328071.78,397699.19,-69627.41,82.49,184,80
R012,East,2024,4.0,1810802.39,,,,449329.47,,,,219,110
R013,East,2024,4.0,1814933.85,,,,423620.94,,,,241,103
R014,East,2024,4.0,1270566.41,2283866.82,-1013300.41,55.63,306784.48,372198.99,-65414.51,82.42,171,81
R015,South,2024,4.0,1677974.21,,,,381377.19,,,,206,82
R016,South,2024,4.0,1996575.98,2106852.96,-110276.98,94.77,498337.63,483395.36,14942.27,103.09,279,115
R017,South,2024,4.0,1642070.87,,,,360446.61,,,,226,93
R018,South,2024,4.0,2035076.43,,,,476040.39,,,,282,116
R019,South,2024,4.0,1981556.24,2070039.38,-88483.14,95.73,463974.79,494849.85,-30875.06,93.76,251,108
R020,South,2024,4.0,1919087.33,,,,410003.9,,,,240,103
R021,South,2024,4.0,1669823.57,,,,403809.95,,,,223,89
R022,South,2024,4.0,1949661.33,1997481.61,-47820.28,97.61,470864.38,340755.92,130108.46,138.18,247,106
R023,South,2024,4.0,1846795.19,,,,438032.02,,,,252,111
R024,Central,2024,4.0,1779166.66,,,,432822.97,,,,227,101
R025,Central,2024,4.0,1569588.27,,,,357591.01,,,,238,103
R001,West,2024,5.0,2088426.86,,,,526052.12,,,,244,109
R002,West,2024,5.0,1609705.96,,,,387901.73,,,,216,78
R003,West,2024,5.0,1767702.9,,,,432740.12,,,,230,100
R004,West,2024,5.0,1885921.16,,,,446424.59,,,,237,105
R005,North,2024,5.0,1795339.26,1676002.41,119336.85,107.12,469590.54,320468.83,149121.71,146.53,221,92
R006,North,2024,5.0,1651532.04,,,,397423.17,,,,214,87
R007,North,2024,5.0,2270807.91,2063718.72,207089.19,110.03,511128.25,319961.79,191166.46,159.75,282,110
R008,North,2024,5.0,1632189.92,,,,413686.41,,,,199,79
R009,North,2024,5.0,2008167.02,1973050.91,35116.11,101.78,495339.26,496232.4,-893.14,99.82,258,112
R010,North,2024,5.0,2011884.06,1868534.94,143349.12,107.67,495411.02,435203.5,60207.52,113.83,229,96
R011,North,2024,5.0,2148977.43,,,,549261.62,,,,248,112
R012,East,2024,5.0,2057686.22,1939042.29,118643.93,106.12,528934.37,418410.04,110524.33,126.42,295,120
R013,East,2024,5.0,1911822.67,,,,440887.26,,,,251,103
R014,East,2024,5.0,1527181.84,2499262.68,-972080.84,61.11,356107.64,419918.58,-63810.94,84.8,210,91
R015,South,2024,5.0,1225276.06,2473658.04,-1248381.98,49.53,302121.06,391362.05,-89240.99,77.2,158,76
R016,South,2024,5.0,2032663.4,,,,504166.7,,,,261,111
R017,South,2024,5.0,2284809.25,,,,547505.59,,,,295,114
R018,South,2024,5.0,1813450.56,,,,463633.21,,,,231,94
R019,South,2024,5.0,2041433.32,,,,497799.43,,,,274,100
R020,South,2024,5.0,1895486.7,,,,507563.09,,,,227,100
R021,South,2024,5.0,2327007.01,1713983.63,613023.38,135.77,551915.97,323651.15,228264.82,170.53,276,118
R022,South,2024,5.0,2160905.17,2617588.49,-456683.32,82.55,539415.09,362011.51,177403.58,149.0,243,98
R023,South,2024,5.0,2219031.72,,,,546622.36,,,,281,122
R024,Central,2024,5.0,1897851.32,1743708.5,154142.82,108.84,453131.91,282423.68,170708.23,160.44,244,102
R025,Central,2024,5.0,1569360.22,,,,389637.12,,,,214,104
R001,West,2024,6.0,1672594.81,2610584.48,-937989.67,64.07,391640.11,320289.0,71351.11,122.28,249,103
R002,West,2024,6.0,1395277.27,,,,353294.76,,,,183,77
R003,West,2024,6.0,1692027.66,,,,406183.72,,,,243,104
R004,West,2024,6.0,1789635.67,2294765.84,-505130.17,77.99,446283.09,375214.68,71068.41,118.94,245,110
R005,North,2024,6.0,2390652.62,2141898.84,248753.78,111.61,610472.89,267973.65,342499.24,227.81,281,121
R006,North,2024,6.0,1691789.51,,,,391481.43,,,,229,92
R007,North,2024,6.0,1597020.39,2335524.99,-738504.6,68.38,398576.28,504851.25,-106274.97,78.95,191,96
R008,North,2024,6.0,1571938.2,2035410.56,-463472.36,77.23,450701.19,354578.07,96123.12,127.11,182,79
R009,North,2024,6.0,1808722.89,,,,445534.21,,,,248,108
R010,North,2024,6.0,2701745.19,,,,652085.37,,,,348,132
R011,North,2024,6.0,1732009.85,,,,398714.2,,,,239,103
R012,East,2024,6.0,1621371.7,1991996.37,-370624.67,81.39,377194.04,371337.49,5856.55,101.58,226,103
R013,East,2024,6.0,2142564.38,,,,568608.01,,,,248,108
R014,East,2024,6.0,1026586.41,,,,252695.67,,,,153,72
R015,South,2024,6.0,1761973.73,1717236.32,44737.41,102.61,403315.1,360186.65,43128.45,111.97,226,90
R016,South,2024,6.0,2161526.51,,,,553768.23,,,,266,120
R017,South,2024,6.0,1600532.69,1885177.92,-284645.23,84.9,367029.36,456945.59,-89916.23,80.32,221,97
R018,South,2024,6.0,2292206.95,,,,550886.15,,,,290,120
R019,South,2024,6.0,2226095.89,1677423.01,548672.88,132.71,536911.17,455509.33,81401.84,117.87,268,101
R020,South,2024,6.0,1944584.35,,,,457793.66,,,,233,100
R021,South,2024,6.0,1612889.1,,,,387958.89,,,,191,97
R022,South,2024,6.0,1880043.7,2574851.67,-694807.97,73.02,485876.38,392061.79,93814.59,123.93,224,96
R023,South,2024,6.0,2023929.69,,,,501229.1,,,,254,114
R024,Central,2024,6.0,1147027.6,,,,262028.81,,,,165,84
R025,Central,2024,6.0,1910320.99,,,,472618.32,,,,242,108
R001,West,2024,7.0,2007077.53,,,,484811.22,,,,263,110
R002,West,2024,7.0,2084031.13,2296014.42,-211983.29,90.77,511841.07,548323.47,-36482.4,93.35,253,110
R003,West,2024,7.0,1394614.4,1830506.23,-435891.83,76.19,282963.57,448426.7,-165463.13,63.1,222,105
R004,West,2024,7.0,1932242.82,1693648.29,238594.53,114.09,439414.68,290148.59,149266.09,151.44,271,110
R005,North,2024,7.0,1528877.94,2373957.73,-845079.79,64.4,390300.16,287786.59,102513.57,135.62,205,85
R006,North,2024,7.0,1960103.48,,,,457566.32,,,,234,93
R007,North,2024,7.0,1500748.57,,,,376922.61,,,,225,98
R008,North,2024,7.0,1452558.27,2904873.73,-1452315.46,50.0,383879.76,317345.51,66534.25,120.97,198,83
R009,North,2024,7.0,2337947.93,1818557.41,519390.52,128.56,598044.59,514669.67,83374.92,116.2,308,126
R010,North,2024,7.0,2092496.85,,,,468056.22,,,,283,123
R011,North,2024,7.0,1601300.53,,,,372308.99,,,,210,90
R012,East,2024,7.0,1528210.85,,,,356450.45,,,,199,104
R013,East,2024,7.0,1663902.68,,,,369841.7,,,,233,100
R014,East,2024,7.0,1570975.38,,,,394452.04,,,,223,96
R015,South,2024,7.0,1872369.4,,,,475432.9,,,,231,98
R016,South,2024,7.0,2180873.89,2086703.31,94170.58,104.51,530858.23,387886.3,142971.93,136.86,287,127
R017,South,2024,7.0,1786189.28,,,,425551.18,,,,231,94
R018,South,2024,7.0,2351662.24,,,,592591.71,,,,271,114
R019,South,2024,7.0,1604580.15,,,,382303.7,,,,223,115
R020,South,2024,7.0,1730588.32,,,,417858.01,,,,226,91
R021,South,2024,7.0,1794849.19,,,,455593.91,,,,234,95
R022,South,2024,7.0,1441999.38,2022048.27,-580048.89,71.31,349620.1,404677.29,-55057.19,86.39,206,85
R023,South,2024,7.0,1885702.09,2043316.58,-157614.49,92.29,426534.11,373829.5,52704.61,114.1,237,97
R024,Central,2024,7.0,1669654.72,,,,326424.76,,,,231,89
R025,Central,2024,7.0,1565323.49,1705908.52,-140585.03,91.76,398147.81,484024.81,-85877.0,82.26,211,95
R001,West,2024,8.0,1625426.51,1846675.68,-221249.17,88.02,379721.6,249605.32,130116.28,152.13,253,114
R002,West,2024,8.0,1994194.95,,,,454633.47,,,,271,114
R003,West,2024,8.0,2442749.29,,,,636330.82,,,,299,120
R004,West,2024,8.0,2004592.18,,,,518680.32,,,,256,116
R005,North,2024,8.0,1952031.65,2079342.63,-127310.98,93.88,446515.28,389510.29,57004.99,114.64,249,108
R006,North,2024,8.0,1898409.97,,,,481454.33,,,,243,110
R007,North,2024,8.0,1925098.28,,,,448414.2,,,,257,110
R008,North,2024,8.0,1586126.39,,,,378841.69,,,,229,90
R009,North,2024,8.0,2207327.37,,,,603210.03,,,,277,121
R010,North,2024,8.0,2079800.44,2141079.79,-61279.35,97.14,492015.54,446733.52,45282.02,110.14,253,111
R011,North,2024,8.0,2015097.89,1813304.52,201793.37,111.13,538405.98,295708.77,242697.21,182.07,229,98
R012,East,2024,8.0,2118939.74,,,,548233.5,,,,276,117
R013,East,2024,8.0,2015233.46,,,,515526.91,,,,233,95
R014,East,2024,8.0,1761062.82,,,,427133.55,,,,225,98
R015,South,2024,8.0,2026563.48,,,,516146.35,,,,222,100
R016,South,2024,8.0,2303839.93,2279015.55,24824.38,101.09,591082.39,315610.67,275471.72,187.28,276,122
R017,South,2024,8.0,1899232.88,1924133.29,-24900.41,98.71,459318.33,392772.59,66545.74,116.94,232,100
R018,South,2024,8.0,2171604.71,2469266.09,-297661.38,87.95,552172.9,436588.86,115584.04,126.47,298,129
R019,South,2024,8.0,2240167.17,,,,525965.85,,,,281,109
R020,South,2024,8.0,1798968.22,,,,404255.06,,,,238,97
R021,South,2024,8.0,1966788.76,1890969.02,75819.74,104.01,472586.24,338658.3,133927.94,139.55,258,108
R022,South,2024,8.0,1430862.2,1995777.63,-564915.43,71.69,358763.62,397174.38,-38410.76,90.33,168,84
R023,South,2024,8.0,1697103.0,,,,388758.2,,,,218,96
R024,Central,2024,8.0,1619925.15,,,,410850.07,,,,235,98
R025,Central,2024,8.0,1679309.27,2026946.46,-347637.19,82.85,434642.09,261490.1,173151.99,166.22,220,92
R001,West,2024,9.0,1602076.53,2076419.66,-474343.13,77.16,376420.59,441871.35,-65450.76,85.19,228,105
R002,West,2024,9.0,1572891.08,,,,344075.58,,,,214,95
R003,West,2024,9.0,1785379.15,,,,464438.94,,,,217,97
R004,West,2024,9.0,1711177.96,,,,419090.38,,,,214,94
R005,North,2024,9.0,1993262.34,1741810.69,251451.65,114.44,483065.7,425395.04,57670.66,113.56,228,100
R006,North,2024,9.0,1757758.88,2121894.19,-364135.31,82.84,456745.06,395308.38,61436.68,115.54,206,95
R007,North,2024,9.0,1319892.0,2219005.58,-899113.58,59.48,333757.88,304242.07,29515.81,109.7,211,92
R008,North,2024,9.0,1542138.39,,,,364024.66,,,,193,78
R009,North,2024,9.0,1580421.23,2297874.81,-717453.58,68.78,396436.33,326735.25,69701.08,121.33,233,97
R010,North,2024,9.0,1646935.0,,,,398772.65,,,,241,101
R011,North,2024,9.0,1866630.02,,,,491773.73,,,,222,95
R012,East,2024,9.0,1805683.15,1995321.65,-189638.5,90.5,424262.65,358869.56,65393.09,118.22,211,101
R013,East,2024,9.0,1761846.81,2736832.76,-974985.95,64.38,418310.84,357018.69,61292.15,117.17,260,103
R014,East,2024,9.0,1053624.12,,,,272891.69,,,,164,76
R015,South,2024,9.0,1814194.36,,,,474134.35,,,,207,91
R016,South,2024,9.0,2022346.37,,,,512156.78,,,,232,90
R017,South,2024,9.0,1569492.22,2305193.59,-735701.37,68.09,392152.44,321491.32,70661.12,121.98,225,98
R018,South,2024,9.0,1839506.99,,,,428131.16,,,,228,102
R019,South,2024,9.0,1499189.7,2251997.2,-752807.5,66.57,343280.92,438245.02,-94964.1,78.33,214,102
R020,South,2024,9.0,1861262.84,,,,458771.45,,,,233,100
R021,South,2024,9.0,1852344.9,,,,470547.03,,,,193,90
R022,South,2024,9.0,2129586.76,,,,539498.52,,,,288,109
R023,South,2024,9.0,1649989.35,,,,414332.14,,,,227,94
R024,Central,2024,9.0,1538223.38,2620464.67,-1082241.29,58.7,404030.32,306097.23,97933.09,131.99,207,92
R025,Central,2024,9.0,1889053.4,,,,472165.11,,,,234,102
R001,West,2024,10.0,1986715.91,1999920.31,-13204.4,99.34,482597.1,439369.69,43227.41,109.84,277,115
R002,West,2024,10.0,2086949.89,2182205.71,-95255.82,95.63,502673.2,309132.22,193540.98,162.61,262,99
R003,West,2024,10.0,1946437.38,2395746.54,-449309.16,81.25,465171.27,323628.36,141542.91,143.74,269,105
R004,West,2024,10.0,1297374.37,,,,348559.37,,,,174,76
R005,North,2024,10.0,1933344.62,,,,456375.65,,,,250,99
R006,North,2024,10.0,1360006.29,,,,341137.76,,,,207,98
R007,North,2024,10.0,1765141.38,,,,377511.76,,,,234,101
R008,North,2024,10.0,1704835.34,,,,432901.0,,,,206,99
R009,North,2024,10.0,2024728.12,,,,455918.63,,,,266,107
R010,North,2024,10.0,1985862.2,1755843.93,230018.27,113.1,468379.07,465662.27,2716.8,100.58,276,120
R011,North,2024,10.0,1541636.92,2707182.58,-1165545.66,56.95,363022.08,442393.16,-79371.08,82.06,217,93
R012,East,2024,10.0,2129327.55,1364899.48,764428.07,156.01,504368.96,497910.61,6458.35,101.3,235,98
R013,East,2024,10.0,1747663.07,2070767.27,-323104.2,84.4,405690.99,360041.81,45649.18,112.68,240,108
R014,East,2024,10.0,1873999.71,,,,495493.32,,,,234,95
R015,South,2024,10.0,1939191.35,1513169.69,426021.66,128.15,472532.38,384831.52,87700.86,122.79,261,106
R016,South,2024,10.0,1718548.01,,,,423023.79,,,,237,107
R017,South,2024,10.0,1832837.06,,,,476209.91,,,,238,106
R018,South,2024,10.0,2191056.06,2684435.73,-493379.67,81.62,544223.1,327018.13,217204.97,166.42,294,116
R019,South,2024,10.0,2162730.39,1775777.85,386952.54,121.79,535995.64,351928.56,184067.08,152.3,276,114
R020,South,2024,10.0,2436971.15,,,,580297.7,,,,307,122
R021,South,2024,10.0,2032653.55,,,,529147.11,,,,266,106
R022,South,2024,10.0,1662734.68,,,,406404.19,,,,194,85
R023,South,2024,10.0,1758662.06,,,,432470.8,,,,234,99
R024,Central,2024,10.0,2110200.68,,,,494373.32,,,,281,114
R025,Central,2024,10.0,1922045.31,,,,476880.15,,,,241,106
R001,West,2024,11.0,1642716.03,2149617.66,-506901.63,76.42,401467.76,357132.32,44335.44,112.41,225,97
R002,West,2024,11.0,1234328.38,,,,295206.36,,,,178,78
R003,West,2024,11.0,1835804.81,,,,463948.68,,,,241,94
R004,West,2024,11.0,1677128.02,,,,412388.18,,,,201,91
R005,North,2024,11.0,2201639.96,,,,556255.1,,,,289,118
R006,North,2024,11.0,1793456.77,,,,434922.1,,,,247,112
R007,North,2024,11.0,1682498.2,2078053.33,-395555.13,80.97,416957.36,340114.78,76842.58,122.59,217,92
R008,North,2024,11.0,1845104.44,2098728.56,-253624.12,87.92,410727.3,510000.66,-99273.36,80.53,238,102
R009,North,2024,11.0,1852396.16,2290984.8,-438588.64,80.86,477917.33,374069.51,103847.82,127.76,245,104
R010,North,2024,11.0,2122235.66,,,,508894.3,,,,266,109
R011,North,2024,11.0,1923004.34,,,,489931.59,,,,219,94
R012,East,2024,11.0,2136337.52,,,,517624.66,,,,306,127
R013,East,2024,11.0,1609556.59,1561425.23,48131.36,103.08,390773.61,388926.61,1847.0,100.47,225,96
R014,East,2024,11.0,1790772.1,2181329.26,-390557.16,82.1,458717.46,456262.2,2455.26,100.54,236,93
R015,South,2024,11.0,1665734.92,,,,373779.8,,,,226,96
R016,South,2024,11.0,2095928.68,,,,498426.32,,,,295,120
R017,South,2024,11.0,1561464.07,,,,404298.22,,,,216,98
R018,South,2024,11.0,1701634.14,,,,445384.09,,,,213,80
R019,South,2024,11.0,1897928.87,2819521.22,-921592.35,67.31,509828.44,431775.35,78053.09,118.08,219,95
R020,South,2024,11.0,1939323.69,1998338.66,-59014.97,97.05,475718.07,417585.08,58132.99,113.92,245,99
R021,South,2024,11.0,1749200.97,1584318.04,164882.93,110.41,412082.13,325831.57,86250.56,126.47,230,96
R022,South,2024,11.0,1879438.42,1611361.87,268076.55,116.64,464298.64,483448.51,-19149.87,96.04,236,98
R023,South,2024,11.0,2131163.06,,,,541144.61,,,,270,104
R024,Central,2024,11.0,1837435.88,,,,470735.39,,,,217,92
R025,Central,2024,11.0,2042350.38,,,,534167.02,,,,223,96
R001,West,2024,12.0,2309035.01,2596546.61,-287511.6,88.93,560464.57,355983.02,204481.55,157.44,264,98
R002,West,2024,12.0,1464656.48,1684145.92,-219489.44,86.97,359424.95,484868.96,-125444.01,74.13,218,92
R003,West,2024,12.0,1909003.86,,,,457052.56,,,,261,110
R004,West,2024,12.0,1885012.42,,,,451078.61,,,,246,107
R005,North,2024,12.0,2348133.4,2348675.91,-542.51,99.98,590051.34,434371.99,155679.35,135.84,285,114
R006,North,2024,12.0,1481250.28,1965198.33,-483948.05,75.37,336927.88,441596.08,-104668.2,76.3,219,85
R007,North,2024,12.0,1944205.3,,,,414214.39,,,,270,102
R008,North,2024,12.0,1442239.69,,,,306883.29,,,,186,77
R009,North,2024,12.0,2082839.1,,,,512705.55,,,,276,115
R010,North,2024,12.0,2287551.1,2402119.9,-114568.8,95.23,565637.55,489876.34,75761.21,115.47,271,118
R011,North,2024,12.0,2200797.21,,,,493632.85,,,,275,104
R012,East,2024,12.0,1765696.52,,,,403250.33,,,,232,92
R013,East,2024,12.0,1777677.25,1770975.52,6701.73,100.38,429856.47,367156.87,62699.6,117.08,254,109
R014,East,2024,12.0,1552080.58,,,,396516.84,,,,205,76
R015,South,2024,12.0,1868425.01,,,,473825.43,,,,244,101
R016,South,2024,12.0,2016456.13,,,,508263.7,,,,268,109
R017,South,2024,12.0,2173709.55,1758189.93,415519.62,123.63,577746.37,277860.27,299886.1,207.93,269,124
R018,South,2024,12.0,1896848.55,2427497.11,-530648.56,78.14,493847.45,488451.17,5396.28,101.1,235,97
R019,South,2024,12.0,2431675.84,,,,667901.82,,,,324,124
R020,South,2024,12.0,1509996.26,1379491.87,130504.39,109.46,368874.28,282501.68,86372.6,130.57,236,106
R021,South,2024,12.0,1615410.68,,,,389474.25,,,,211,95
R022,South,2024,12.0,1579555.84,,,,381749.32,,,,239,102
R023,South,2024,12.0,1911904.98,,,,461967.62,,,,249,106
R024,Central,2024,12.0,1887626.66,1678956.11,208670.55,112.43,481804.79,557616.18,-75811.39,86.4,228,99
R025,Central,2024,12.0,1821457.49,,,,447527.47,,,,230,95
R001,West,2025,1.0,2121557.21,,,,531943.04,,,,261,114
R002,West,2025,1.0,1869065.0,,,,489430.49,,,,227,100
R003,West,2025,1.0,1577617.6,,,,383033.86,,,,203,81
R004,West,2025,1.0,1715133.29,2154285.26,-439151.97,79.61,437717.94,394354.48,43363.46,111.0,241,109
R005,North,2025,1.0,2245503.21,2061869.03,183634.18,108.91,587464.56,391687.97,195776.59,149.98,245,111
R006,North,2025,1.0,2028635.67,,,,483546.75,,,,251,102
R007,North,2025,1.0,2106344.11,,,,521013.34,,,,274,105
R008,North,2025,1.0,1510373.49,,,,374332.81,,,,173,79
R009,North,2025,1.0,2043612.67,2906776.59,-863163.92,70.31,562825.38,434576.26,128249.12,129.51,244,104
R010,North,2025,1.0,2373725.82,,,,553656.36,,,,290,124
R011,North,2025,1.0,1613715.06,2592121.21,-978406.15,62.25,414262.71,347655.61,66607.1,119.16,201,87
R012,East,2025,1.0,1702214.25,,,,413621.74,,,,247,100
R013,East,2025,1.0,2157173.6,,,,483188.65,,,,293,113
R014,East,2025,1.0,1788646.01,,,,423042.36,,,,215,91
R015,South,2025,1.0,1881886.16,1894160.05,-12273.89,99.35,475545.97,430519.45,45026.52,110.46,235,98
R016,South,2025,1.0,2513249.95,1720433.92,792816.03,146.08,647570.73,346844.84,300725.89,186.7,342,138
R017,South,2025,1.0,1871118.86,1866425.64,4693.22,100.25,465326.93,344702.23,120624.7,134.99,252,102
R018,South,2025,1.0,1486060.22,2076330.21,-590269.99,71.57,335116.63,493137.59,-158020.96,67.96,211,98
R019,South,2025,1.0,2384560.06,2275854.17,108705.89,104.78,603512.39,393559.0,209953.39,153.35,323,128
R020,South,2025,1.0,1614235.73,,,,424093.55,,,,217,91
R021,South,2025,1.0,1484394.72,,,,394425.56,,,,186,75
R022,South,2025,1.0,1866326.73,,,,486010.4,,,,242,103
R023,South,2025,1.0,2042076.95,,,,527721.08,,,,275,125
R024,Central,2025,1.0,1699355.05,,,,420518.72,,,,235,102
R025,Central,2025,1.0,1500337.96,1840295.61,-339957.65,81.53,339396.97,233821.54,105575.43,145.15,203,95
R001,West,2025,2.0,1928448.91,,,,489562.96,,,,249,98
R002,West,2025,2.0,1647739.16,,,,386287.97,,,,238,96
R003,West,2025,2.0,1356330.83,,,,323296.49,,,,173,82
R004,West,2025,2.0,1366399.39,1928897.99,-562498.6,70.84,356964.67,438959.49,-81994.82,81.32,175,78
R005,North,2025,2.0,1893055.8,1952757.3,-59701.5,96.94,435472.1,440296.21,-4824.11,98.9,221,96
R006,North,2025,2.0,1424711.0,,,,328615.84,,,,159,71
R007,North,2025,2.0,1716170.76,2156518.78,-440348.02,79.58,414858.55,438764.21,-23905.66,94.55,231,98
R008,North,2025,2.0,1610328.26,,,,390535.42,,,,224,94
R009,North,2025,2.0,1676303.23,,,,383505.53,,,,228,93
R010,North,2025,2.0,2558396.09,,,,617968.59,,,,315,121
R011,North,2025,2.0,1658239.46,2158049.79,-499810.33,76.84,429678.13,429640.88,37.25,100.01,206,93
R012,East,2025,2.0,1624077.85,,,,390972.14,,,,221,92
R013,East,2025,2.0,1944365.84,,,,476483.78,,,,253,112
R014,East,2025,2.0,1430515.73,2541903.64,-1111387.91,56.28,334261.48,512202.87,-177941.39,65.26,207,94
R015,South,2025,2.0,1892586.28,,,,473114.79,,,,227,94
R016,South,2025,2.0,1849750.58,2200498.94,-350748.36,84.06,430470.17,400703.02,29767.15,107.43,245,92
R017,South,2025,2.0,1576572.75,,,,422286.94,,,,242,98
R018,South,2025,2.0,1806629.23,,,,435041.37,,,,249,102
R019,South,2025,2.0,1725586.92,1836408.35,-110821.43,93.97,428370.07,540252.92,-111882.85,79.29,209,93
R020,South,2025,2.0,1314229.54,,,,337233.81,,,,192,78
R021,South,2025,2.0,1736030.83,2095241.79,-359210.96,82.86,388145.87,421960.11,-33814.24,91.99,234,98
R022,South,2025,2.0,1881139.95,1747278.8,133861.15,107.66,451434.9,456366.4,-4931.5,98.92,243,98
R023,South,2025,2.0,1460417.45,,,,349691.55,,,,210,79
R024,Central,2025,2.0,1506104.87,,,,388685.97,,,,203,85
R025,Central,2025,2.0,1590947.38,2113637.99,-522690.61,75.27,404086.43,461735.8,-57649.37,87.51,239,102
R001,West,2025,3.0,2292664.02,,,,556795.73,,,,282,109
R002,West,2025,3.0,1453088.31,1987305.42,-534217.11,73.12,330359.03,487677.15,-157318.12,67.74,198,94
R003,West,2025,3.0,1534761.98,,,,413352.51,,,,218,82
R004,West,2025,3.0,2046790.8,,,,531739.12,,,,274,115
R005,North,2025,3.0,1638586.64,2207775.39,-569188.75,74.22,387666.19,327298.59,60367.6,118.44,224,96
R006,North,2025,3.0,1879210.84,2077390.15,-198179.31,90.46,450524.55,422586.47,27938.08,106.61,239,102
R007,North,2025,3.0,1844661.98,,,,442830.25,,,,253,100
R008,North,2025,3.0,1285744.99,,,,294635.56,,,,199,89
R009,North,2025,3.0,1742860.64,2780230.93,-1037370.29,62.69,428060.07,389129.08,38930.99,110.0,231,94
R010,North,2025,3.0,1796706.97,2145504.81,-348797.84,83.74,428747.4,290923.37,137824.03,147.37,236,106
R011,North,2025,3.0,1965814.6,2032161.76,-66347.16,96.74,462633.08,416469.93,46163.15,111.08,256,103
R012,East,2025,3.0,1884385.82,,,,436330.72,,,,260,107
R013,East,2025,3.0,2205812.72,,,,532282.12,,,,289,125
R014,East,2025,3.0,2265268.97,2120864.43,144404.54,106.81,522943.06,391099.38,131843.68,133.71,296,101
R015,South,2025,3.0,1507273.76,,,,358199.37,,,,193,91
R016,South,2025,3.0,1790204.02,1794463.17,-4259.15,99.76,446532.67,365458.08,81074.59,122.18,240,97
R017,South,2025,3.0,1929248.15,,,,472706.06,,,,266,97
R018,South,2025,3.0,1784888.44,,,,447288.53,,,,252,95
R019,South,2025,3.0,1657689.66,1672252.93,-14563.27,99.13,406562.1,476514.28,-69952.18,85.32,205,92
R020,South,2025,3.0,1745830.55,,,,461917.16,,,,227,94
R021,South,2025,3.0,1732624.53,,,,463972.01,,,,222,101
R022,South,2025,3.0,1753114.62,1691476.34,61638.28,103.64,452987.1,483859.55,-30872.45,93.62,221,95
R023,South,2025,3.0,1894388.9,,,,453909.57,,,,267,115
R024,Central,2025,3.0,1499896.57,,,,360224.44,,,,213,93
R025,Central,2025,3.0,1789207.68,,,,463838.06,,,,237,98
R001,West,2025,4.0,1798404.74,,,,448868.75,,,,243,109
R002,West,2025,4.0,1744032.88,,,,385960.06,,,,223,89
R003,West,2025,4.0,1403685.12,,,,358101.14,,,,186,86
R004,West,2025,4.0,1248299.12,,,,323497.58,,,,182,78
R005,North,2025,4.0,1443506.44,1234890.92,208615.52,116.89,345829.18,327130.34,18698.84,105.72,208,92
R006,North,2025,4.0,1512641.94,,,,372563.73,,,,189,84
R007,North,2025,4.0,1785735.14,1674998.57,110736.57,106.61,448706.71,436754.38,11952.33,102.74,219,102
R008,North,2025,4.0,2030668.41,,,,524760.58,,,,265,106
R009,North,2025,4.0,1899281.45,2160741.04,-261459.59,87.9,476988.94,553254.46,-76265.52,86.22,215,88
R010,North,2025,4.0,1831509.08,2159549.82,-328040.74,84.81,430158.0,248295.79,181862.21,173.24,231,108
R011,North,2025,4.0,2013887.14,,,,468677.3,,,,281,119
R012,East,2025,4.0,2076810.9,1814288.04,262522.86,114.47,534413.13,409685.48,124727.65,130.44,274,106
R013,East,2025,4.0,1459317.06,,,,361919.94,,,,175,79
R014,East,2025,4.0,1415893.92,2148237.72,-732343.8,65.91,346334.31,446186.51,-99852.2,77.62,225,89
R015,South,2025,4.0,2111991.32,1785595.42,326395.9,118.28,533690.72,391438.78,142251.94,136.34,241,101
R016,South,2025,4.0,2481977.6,,,,613695.99,,,,313,130
R017,South,2025,4.0,1777566.43,,,,413816.85,,,,220,96
R018,South,2025,4.0,1564166.72,,,,369435.52,,,,206,93
R019,South,2025,4.0,1810681.63,,,,439372.68,,,,231,96
R020,South,2025,4.0,1377250.92,,,,333935.0,,,,199,85
R021,South,2025,4.0,1631988.13,1912800.89,-280812.76,85.32,408173.95,349138.25,59035.7,116.91,199,88
R022,South,2025,4.0,1257409.18,2079297.67,-821888.49,60.47,319883.95,398355.94,-78471.99,80.3,172,76
R023,South,2025,4.0,1744156.22,,,,424290.69,,,,237,105
R024,Central,2025,4.0,1502444.76,1842948.22,-340503.46,81.52,359571.56,382823.16,-23251.6,93.93,227,101
R025,Central,2025,4.0,1754989.94,,,,390464.41,,,,232,92
R001,West,2025,5.0,2079476.53,2029051.55,50424.98,102.49,506906.8,263790.02,243116.78,192.16,264,108
R002,West,2025,5.0,1723464.75,,,,386154.09,,,,210,88
R003,West,2025,5.0,1415705.15,,,,349958.45,,,,210,94
R004,West,2025,5.0,2053481.16,2386047.61,-332566.45,86.06,531664.66,506438.13,25226.53,104.98,245,97
R005,North,2025,5.0,1609266.31,2366776.04,-757509.73,67.99,397824.66,427386.96,-29562.3,93.08,216,100
R006,North,2025,5.0,1839154.99,,,,491248.9,,,,227,105
R007,North,2025,5.0,2330006.0,2615169.64,-285163.64,89.1,560993.55,322393.08,238600.47,174.01,287,122
R008,North,2025,5.0,1990555.67,1725779.71,264775.96,115.34,545738.26,347976.32,197761.94,156.83,242,91
R009,North,2025,5.0,1718959.74,,,,426912.04,,,,258,113
R010,North,2025,5.0,1662947.16,,,,391832.02,,,,234,107
R011,North,2025,5.0,1800851.85,,,,426822.7,,,,245,97
R012,East,2025,5.0,2441235.7,1761666.85,679568.85,138.58,577114.08,474795.53,102318.55,121.55,281,115
R013,East,2025,5.0,1648744.27,,,,389441.97,,,,211,94
R014,East,2025,5.0,1344108.35,,,,332806.61,,,,193,88
R015,South,2025,5.0,2149273.13,1555961.39,593311.74,138.13,588615.7,438776.49,149839.21,134.15,271,112
R016,South,2025,5.0,1895246.2,,,,440020.97,,,,275,113
R017,South,2025,5.0,2047669.21,1960947.19,86722.02,104.42,479795.74,339931.34,139864.4,141.14,305,123
R018,South,2025,5.0,1714072.46,,,,464900.73,,,,235,99
R019,South,2025,5.0,1796014.22,1563241.58,232772.64,114.89,431361.81,369372.49,61989.32,116.78,254,111
R020,South,2025,5.0,1955181.29,,,,539827.01,,,,228,100
R021,South,2025,5.0,1528155.55,,,,362592.29,,,,198,85
R022,South,2025,5.0,1749518.76,2116450.81,-366932.05,82.66,407938.92,417449.97,-9511.05,97.72,251,104
R023,South,2025,5.0,1770533.29,,,,403400.51,,,,232,98
R024,Central,2025,5.0,1894773.26,,,,476878.68,,,,251,108
R025,Central,2025,5.0,1879813.94,,,,462892.51,,,,278,115
R001,West,2025,6.0,1674716.33,,,,429133.52,,,,200,88
R002,West,2025,6.0,1885729.32,2432017.02,-546287.7,77.54,490779.9,383690.64,107089.26,127.91,246,107
R003,West,2025,6.0,1530987.48,1957657.42,-426669.94,78.21,368366.42,451373.03,-83006.61,81.61,202,81
R004,West,2025,6.0,1594239.71,1419754.16,174485.55,112.29,386685.03,374649.95,12035.08,103.21,217,94
R005,North,2025,6.0,1804534.24,2077027.79,-272493.55,86.88,445359.92,455586.31,-10226.39,97.76,232,98
R006,North,2025,6.0,1486862.47,,,,384315.72,,,,177,78
R007,North,2025,6.0,2199756.19,,,,523343.41,,,,267,109
R008,North,2025,6.0,1682985.59,2354848.84,-671863.25,71.47,410299.4,385951.84,24347.56,106.31,185,75
R009,North,2025,6.0,1865460.06,3033434.6,-1167974.54,61.5,474142.57,442387.82,31754.75,107.18,248,96
R010,North,2025,6.0,2780557.84,,,,708419.79,,,,308,134
R011,North,2025,6.0,2060397.11,,,,493184.91,,,,251,107
R012,East,2025,6.0,1779348.51,,,,474108.3,,,,226,93
R013,East,2025,6.0,2065163.94,,,,520638.54,,,,243,92
R014,East,2025,6.0,1390441.39,,,,364104.37,,,,176,80
R015,South,2025,6.0,1664420.83,,,,438288.08,,,,195,92
R016,South,2025,6.0,1993392.77,2550430.03,-557037.26,78.16,487719.96,429043.0,58676.96,113.68,255,105
R017,South,2025,6.0,1556650.9,,,,421895.82,,,,190,90
R018,South,2025,6.0,1827442.78,,,,451395.26,,,,219,102
R019,South,2025,6.0,2041274.81,,,,488960.75,,,,267,114
R020,South,2025,6.0,1813972.2,,,,437627.23,,,,246,97
R021,South,2025,6.0,1718745.24,,,,435661.64,,,,216,96
R022,South,2025,6.0,1383192.07,1288289.43,94902.64,107.37,311732.45,318825.38,-7092.93,97.78,213,101
R023,South,2025,6.0,1766023.03,2029118.31,-263095.28,87.03,448286.73,418898.57,29388.16,107.02,212,84
R024,Central,2025,6.0,1765972.81,,,,442674.58,,,,233,106
R025,Central,2025,6.0,1869351.08,2519842.61,-650491.53,74.19,435695.53,454035.03,-18339.5,95.96,242,104
R001,West,2025,7.0,1470835.2,2099651.15,-628815.95,70.05,389304.43,354126.31,35178.12,109.93,221,93
R002,West,2025,7.0,1977000.82,,,,473367.21,,,,258,119
R003,West,2025,7.0,1885710.7,,,,477341.34,,,,228,96
R004,West,2025,7.0,1666773.36,,,,397737.05,,,,228,93
R005,North,2025,7.0,1824098.65,2607694.56,-783595.91,69.95,412644.57,419546.07,-6901.5,98.36,236,104
R006,North,2025,7.0,1972506.63,,,,446337.52,,,,241,96
R007,North,2025,7.0,2134302.53,,,,545198.73,,,,262,114
R008,North,2025,7.0,1408088.26,,,,331321.88,,,,206,90
R009,North,2025,7.0,2103655.07,,,,509659.47,,,,232,97
R010,North,2025,7.0,1980615.5,2187209.02,-206593.52,90.55,504214.11,336907.6,167306.51,149.66,241,103
R011,North,2025,7.0,2342969.67,2481367.72,-138398.05,94.42,579566.93,365761.73,213805.2,158.45,293,120
R012,East,2025,7.0,1637297.4,,,,404728.44,,,,216,93
R013,East,2025,7.0,1717959.4,,,,418178.73,,,,226,104
R014,East,2025,7.0,1524282.6,,,,383022.78,,,,201,92
R015,South,2025,7.0,1771308.17,,,,419309.16,,,,234,98
R016,South,2025,7.0,2141214.5,1913485.49,227729.01,111.9,509045.78,357518.17,151527.61,142.38,295,123
R017,South,2025,7.0,2534284.36,1508965.63,1025318.73,167.95,620218.96,435298.28,184920.68,142.48,266,114
R018,South,2025,7.0,1893648.69,1639024.67,254624.02,115.54,449982.2,328682.74,121299.46,136.9,237,98
R019,South,2025,7.0,1985038.72,,,,515902.48,,,,249,115
R020,South,2025,7.0,1528314.7,,,,397911.95,,,,211,97
R021,South,2025,7.0,1897567.64,2382339.88,-484772.24,79.65,487893.72,380428.18,107465.54,128.25,258,105
R022,South,2025,7.0,1546690.64,2832464.22,-1285773.58,54.61,370627.65,409496.67,-38869.02,90.51,204,90
R023,South,2025,7.0,1902316.86,,,,464915.03,,,,226,102
R024,Central,2025,7.0,1297396.53,,,,318872.28,,,,164,77
R025,Central,2025,7.0,1769798.14,1751081.07,18717.07,101.07,415803.65,422953.72,-7150.07,98.31,228,98
R001,West,2025,8.0,2033830.47,2583973.15,-550142.68,78.71,534646.39,265831.61,268814.78,201.12,266,109
R002,West,2025,8.0,1723255.0,,,,451725.33,,,,223,97
R003,West,2025,8.0,2719869.73,,,,694530.26,,,,321,132
R004,West,2025,8.0,2019267.95,,,,512669.86,,,,248,100
R005,North,2025,8.0,1449085.9,1780745.06,-331659.16,81.38,327103.61,371493.57,-44389.96,88.05,225,96
R006,North,2025,8.0,1888436.44,2166310.48,-277874.04,87.17,474286.95,500352.12,-26065.17,94.79,227,96
R007,North,2025,8.0,2286725.86,2778267.98,-491542.12,82.31,541293.14,432782.68,108510.46,125.07,306,125
R008,North,2025,8.0,2037075.46,,,,506974.89,,,,277,111
R009,North,2025,8.0,1685272.16,2018171.13,-332898.97,83.5,414200.25,379259.2,34941.05,109.21,221,106
R010,North,2025,8.0,2070404.05,,,,491358.0,,,,268,120
R011,North,2025,8.0,1904862.36,,,,450233.67,,,,237,101
R012,East,2025,8.0,2235252.62,2072266.37,162986.25,107.87,532262.51,390036.43,142226.08,136.46,267,106
R013,East,2025,8.0,2058379.83,2037902.67,20477.16,101.0,500702.74,286242.08,214460.66,174.92,260,105
R014,East,2025,8.0,888557.62,,,,210744.6,,,,128,56
R015,South,2025,8.0,1581178.5,,,,360260.76,,,,218,91
R016,South,2025,8.0,2298377.91,,,,547779.71,,,,305,127
R017,South,2025,8.0,1649887.35,1931124.81,-281237.46,85.44,423963.34,310354.16,113609.18,136.61,237,107
R018,South,2025,8.0,1873613.11,,,,420114.53,,,,243,104
R019,South,2025,8.0,1526542.22,2130939.27,-604397.05,71.64,389513.57,305608.44,83905.13,127.46,235,100
R020,South,2025,8.0,1872630.33,,,,434210.2,,,,237,99
R021,South,2025,8.0,1704520.67,,,,426381.56,,,,252,107
R022,South,2025,8.0,1839502.54,,,,477861.69,,,,220,97
R023,South,2025,8.0,1747681.97,,,,427152.24,,,,224,95
R024,Central,2025,8.0,1823928.22,2503640.54,-679712.32,72.85,471420.43,344295.53,127124.9,136.92,259,106
R025,Central,2025,8.0,2009346.84,,,,493435.83,,,,252,113
R001,West,2025,9.0,1580254.96,2358574.2,-778319.24,67.0,379062.14,441199.48,-62137.34,85.92,191,85
R002,West,2025,9.0,1550823.11,2021172.18,-470349.07,76.73,408103.25,397376.61,10726.64,102.7,201,90
R003,West,2025,9.0,1995698.58,2075375.59,-79677.01,96.16,487524.85,371886.96,115637.89,131.09,266,114
R004,West,2025,9.0,1594687.4,,,,411658.74,,,,219,92
R005,North,2025,9.0,2161111.82,,,,544835.15,,,,252,91
R006,North,2025,9.0,2105197.73,,,,537518.54,,,,246,101
R007,North,2025,9.0,1354245.06,,,,346294.6,,,,199,85
R008,North,2025,9.0,1660660.8,,,,386375.37,,,,232,92
R009,North,2025,9.0,1645549.15,,,,385018.59,,,,220,102
R010,North,2025,9.0,2037849.54,1567745.08,470104.46,129.99,535654.66,356198.99,179455.67,150.38,285,115
R011,North,2025,9.0,1716042.98,2274027.47,-557984.49,75.46,441917.32,372019.62,69897.7,118.79,235,101
R012,East,2025,9.0,1879750.89,2074444.58,-194693.69,90.61,447865.5,437127.62,10737.88,102.46,261,106
R013,East,2025,9.0,1783503.29,1951226.98,-167723.69,91.4,375153.21,415386.64,-40233.43,90.31,247,98
R014,East,2025,9.0,1202558.43,,,,299825.66,,,,154,77
R015,South,2025,9.0,1726825.06,2184241.13,-457416.07,79.06,430162.01,324444.92,105717.09,132.58,257,109
R016,South,2025,9.0,1688014.12,,,,399995.99,,,,243,110
R017,South,2025,9.0,1722976.15,,,,414690.69,,,,223,102
R018,South,2025,9.0,2170403.39,1657484.95,512918.44,130.95,571978.08,436546.87,135431.21,131.02,287,109
R019,South,2025,9.0,1571108.91,2644836.36,-1073727.45,59.4,391874.81,234347.2,157527.61,167.22,174,77
R020,South,2025,9.0,1609837.1,,,,411790.92,,,,203,90
R021,South,2025,9.0,1631398.39,,,,393490.22,,,,214,91
R022,South,2025,9.0,1854440.32,,,,452525.58,,,,246,104
R023,South,2025,9.0,1850862.79,,,,442091.79,,,,243,107
R024,Central,2025,9.0,2067797.01,,,,523779.05,,,,273,110
R025,Central,2025,9.0,1737654.16,,,,428243.38,,,,216,99
R001,West,2025,10.0,1966532.54,1459796.56,506735.98,134.71,467391.02,346971.4,120419.62,134.71,266,106
R002,West,2025,10.0,1710965.86,,,,407207.05,,,,225,93
R003,West,2025,10.0,2015615.43,,,,487715.66,,,,229,97
R004,West,2025,10.0,1821769.49,,,,433486.77,,,,258,102
R005,North,2025,10.0,2148173.98,,,,519066.9,,,,300,124
R006,North,2025,10.0,1551895.2,,,,358496.1,,,,214,94
R007,North,2025,10.0,1835626.9,2003397.21,-167770.31,91.63,441347.94,454631.51,-13283.57,97.08,252,107
R008,North,2025,10.0,1688353.82,1966071.59,-277717.77,85.87,378561.8,403567.93,-25006.13,93.8,238,93
R009,North,2025,10.0,1705934.59,1367886.28,338048.31,124.71,428854.74,353794.81,75059.93,121.22,220,94
R010,North,2025,10.0,2304548.36,,,,580547.41,,,,297,129
R011,North,2025,10.0,1449131.96,,,,350463.71,,,,178,86
R012,East,2025,10.0,1636917.96,,,,376798.66,,,,236,98
R013,East,2025,10.0,1881180.73,2236900.82,-355720.09,84.1,452040.52,228939.26,223101.26,197.45,228,102
R014,East,2025,10.0,1821037.33,1675898.36,145138.97,108.66,395067.62,399215.24,-4147.62,98.96,230,93
R015,South,2025,10.0,2021693.83,,,,470861.22,,,,267,110
R016,South,2025,10.0,2015657.79,,,,493448.1,,,,288,118
R017,South,2025,10.0,1545618.39,,,,351425.12,,,,220,98
R018,South,2025,10.0,2581543.64,,,,648966.19,,,,274,106
R019,South,2025,10.0,1791622.39,1597823.87,193798.52,112.13,439865.68,399431.64,40434.04,110.12,222,91
R020,South,2025,10.0,1937373.31,1984407.3,-47033.99,97.63,454447.83,449406.66,5041.17,101.12,233,98
R021,South,2025,10.0,1801657.12,2817452.79,-1015795.67,63.95,456207.07,394712.14,61494.93,115.58,248,105
R022,South,2025,10.0,1522567.46,1836405.9,-313838.44,82.91,356346.11,398562.58,-42216.47,89.41,218,98
R023,South,2025,10.0,1758988.87,,,,473385.93,,,,211,94
R024,Central,2025,10.0,1615591.08,,,,382398.88,,,,219,98
R025,Central,2025,10.0,1455181.33,,,,323284.01,,,,208,92
R001,West,2025,11.0,1976174.34,2051342.15,-75167.81,96.34,477163.14,376592.84,100570.3,126.71,258,107
R002,West,2025,11.0,1801192.37,1881334.86,-80142.49,95.74,470010.48,417180.63,52829.85,112.66,207,92
R003,West,2025,11.0,1729876.88,,,,438173.03,,,,227,105
R004,West,2025,11.0,1136596.36,,,,284346.64,,,,196,87
R005,North,2025,11.0,1372514.51,1868755.0,-496240.49,73.45,333342.72,453602.13,-120259.41,73.49,175,73
R006,North,2025,11.0,1883699.57,1841916.0,41783.57,102.27,423713.8,293491.1,130222.7,144.37,266,108
R007,North,2025,11.0,2276285.01,,,,525047.51,,,,278,113
R008,North,2025,11.0,1751798.96,,,,425688.07,,,,221,98
R009,North,2025,11.0,1661708.27,,,,433233.33,,,,235,99
R010,North,2025,11.0,2002840.54,1732346.87,270493.67,115.61,498336.54,425223.44,73113.1,117.19,272,115
R011,North,2025,11.0,1761377.33,,,,434704.93,,,,213,93
R012,East,2025,11.0,2310244.82,,,,568554.13,,,,287,117
R013,East,2025,11.0,1924881.75,1873597.59,51284.16,102.74,486656.63,423616.8,63039.83,114.88,260,108
R014,East,2025,11.0,1665264.51,,,,407171.61,,,,215,92
R015,South,2025,11.0,1494368.04,,,,374657.88,,,,205,81
R016,South,2025,11.0,1478888.68,,,,353947.0,,,,238,98
R017,South,2025,11.0,1919793.41,2329404.62,-409611.21,82.42,438570.18,308782.59,129787.59,142.03,260,108
R018,South,2025,11.0,1766305.62,2074567.84,-308262.22,85.14,414069.56,313463.09,100606.47,132.1,243,94
R019,South,2025,11.0,1876149.63,,,,436307.62,,,,235,93
R020,South,2025,11.0,1220670.72,2229651.28,-1008980.56,54.75,319514.9,364047.58,-44532.68,87.77,170,74
R021,South,2025,11.0,1246202.98,,,,309069.41,,,,158,74
R022,South,2025,11.0,1424619.64,,,,380338.15,,,,205,87
R023,South,2025,11.0,2047283.79,,,,475835.15,,,,270,111
R024,Central,2025,11.0,1708141.09,2488098.01,-779956.92,68.65,399970.2,445259.34,-45289.14,89.83,206,87
R025,Central,2025,11.0,1901111.66,,,,431900.01,,,,246,105
R001,West,2025,12.0,2104013.39,2566216.93,-462203.54,81.99,513728.3,418484.47,95243.83,122.76,287,105
R002,West,2025,12.0,1803144.89,2357912.81,-554767.92,76.47,472273.15,468530.74,3742.41,100.8,221,104
R003,West,2025,12.0,2047059.48,,,,509299.38,,,,271,112
R004,West,2025,12.0,1624858.3,,,,404789.9,,,,198,87
R005,North,2025,12.0,2825274.63,,,,684814.4,,,,329,132
R006,North,2025,12.0,1651207.15,,,,408185.0,,,,206,90
R007,North,2025,12.0,1713003.52,,,,445450.38,,,,223,97
R008,North,2025,12.0,1406749.01,,,,368895.95,,,,161,71
R009,North,2025,12.0,1779095.18,2485411.02,-706315.84,71.58,409981.95,365881.72,44100.23,112.05,219,93
R010,North,2025,12.0,1929093.56,1785741.35,143352.21,108.03,489548.24,283016.75,206531.49,172.98,248,101
R011,North,2025,12.0,1742287.32,2026722.81,-284435.49,85.97,409521.49,222073.72,187447.77,184.41,261,107
R012,East,2025,12.0,1697538.16,2320315.8,-622777.64,73.16,437945.79,373642.04,64303.75,117.21,208,94
R013,East,2025,12.0,2482796.42,,,,630569.38,,,,309,128
R014,East,2025,12.0,1713857.89,,,,449956.65,,,,229,92
R015,South,2025,12.0,1876655.94,,,,485868.94,,,,252,100
R016,South,2025,12.0,1923000.57,1769768.72,153231.85,108.66,500164.77,548510.5,-48345.73,91.19,245,110
R017,South,2025,12.0,1670158.12,,,,419160.79,,,,215,96
R018,South,2025,12.0,1736553.09,2378885.58,-642332.49,73.0,413565.92,426822.49,-13256.57,96.89,219,106
R019,South,2025,12.0,1729651.43,,,,414920.44,,,,236,100
R020,South,2025,12.0,1707745.23,,,,442452.93,,,,236,104
R021,South,2025,12.0,2161513.26,1811114.28,350398.98,119.35,518222.59,261379.25,256843.34,198.26,279,109
R022,South,2025,12.0,1981925.17,,,,475881.29,,,,239,101
R023,South,2025,12.0,1685155.78,,,,428249.47,,,,234,92
R024,Central,2025,12.0,1961427.67,1611209.24,350218.43,121.74,486514.37,328873.23,157641.14,147.93,272,117
R025,Central,2025,12.0,2185505.58,,,,587084.38,,,,272,118
R001,West,2026,1.0,2139980.68,,,,521967.98,,,,285,115
R002,West,2026,1.0,2145087.92,,,,535323.84,,,,260,105
R003,West,2026,1.0,1501968.29,,,,353525.84,,,,218,99
R004,West,2026,1.0,1721966.6,1557565.48,164401.12,110.56,443738.78,397806.93,45931.85,111.55,244,104
R005,North,2026,1.0,1858058.8,1849302.65,8756.15,100.47,490050.87,460677.82,29373.05,106.38,235,94
R006,North,2026,1.0,1990620.01,,,,492917.99,,,,277,105
R007,North,2026,1.0,1802297.61,2639862.3,-837564.69,68.27,435669.66,336301.87,99367.79,129.55,245,100
R008,North,2026,1.0,1736606.94,,,,424177.79,,,,204,84
R009,North,2026,1.0,1819177.0,,,,472455.21,,,,261,99
R010,North,2026,1.0,1904435.52,,,,471733.15,,,,261,116
R011,North,2026,1.0,1460971.46,2908330.18,-1447358.72,50.23,335323.7,404089.6,-68765.9,82.98,219,89
R012,East,2026,1.0,1819069.01,,,,474115.07,,,,227,95
R013,East,2026,1.0,1804027.22,,,,429135.86,,,,255,109
R014,East,2026,1.0,2133549.06,1626988.03,506561.03,131.13,554104.11,372008.49,182095.62,148.95,246,108
R015,South,2026,1.0,1739953.38,,,,438157.72,,,,236,102
R016,South,2026,1.0,1723876.48,2044535.54,-320659.06,84.32,457208.41,429414.04,27794.37,106.47,266,109
R017,South,2026,1.0,1355076.29,,,,314706.23,,,,211,98
R018,South,2026,1.0,2368116.83,,,,537431.68,,,,302,122
R019,South,2026,1.0,2375804.99,2080823.08,294981.91,114.18,595594.76,305630.89,289963.87,194.87,267,107
R020,South,2026,1.0,1885162.49,,,,451356.15,,,,238,100
R021,South,2026,1.0,1796237.87,2211920.02,-415682.15,81.21,451831.53,364158.91,87672.62,124.08,276,120
R022,South,2026,1.0,2044157.68,2219733.08,-175575.4,92.09,518113.14,355575.03,162538.11,145.71,253,108
R023,South,2026,1.0,1991452.76,,,,513305.76,,,,262,122
R024,Central,2026,1.0,1617272.44,,,,434578.82,,,,236,103
R025,Central,2026,1.0,1768762.04,2452389.71,-683627.67,72.12,374183.87,444207.76,-70023.89,84.24,244,97
R001,West,2026,2.0,1737852.38,,,,422568.38,,,,223,89
R002,West,2026,2.0,2234086.24,1861184.88,372901.36,120.04,525999.24,422762.13,103237.11,124.42,273,103
R003,West,2026,2.0,1532911.74,,,,377090.72,,,,204,81
R004,West,2026,2.0,1842993.27,,,,468962.64,,,,217,97
R005,North,2026,2.0,1629314.64,2139620.95,-510306.31,76.15,385245.24,401582.65,-16337.41,95.93,218,93
R006,North,2026,2.0,1705239.06,1941856.25,-236617.19,87.81,404702.0,336416.34,68285.66,120.3,215,83
R007,North,2026,2.0,1826720.92,,,,464931.47,,,,233,97
R008,North,2026,2.0,1296377.85,,,,283139.79,,,,167,68
R009,North,2026,2.0,1631953.29,1665844.83,-33891.54,97.97,415092.11,416373.44,-1281.33,99.69,206,89
R010,North,2026,2.0,1559817.27,2067393.45,-507576.18,75.45,344739.46,360701.08,-15961.62,95.57,200,89
R011,North,2026,2.0,1094515.63,2381587.94,-1287072.31,45.96,276642.03,400359.12,-123717.09,69.1,171,71
R012,East,2026,2.0,1978518.23,,,,512349.6,,,,219,100
R013,East,2026,2.0,2179300.24,,,,555607.29,,,,246,96
R014,East,2026,2.0,1465593.03,2361523.67,-895930.64,62.06,397963.09,355062.95,42900.14,112.08,182,78
R015,South,2026,2.0,1725011.73,,,,438171.97,,,,219,90
R016,South,2026,2.0,1978720.69,2359412.75,-380692.06,83.86,507791.55,520128.0,-12336.45,97.63,250,104
R017,South,2026,2.0,1771019.0,,,,443790.61,,,,239,102
R018,South,2026,2.0,1777522.89,,,,456219.58,,,,231,113
R019,South,2026,2.0,1983473.05,2106731.75,-123258.7,94.15,523208.17,427579.8,95628.37,122.37,261,101
R020,South,2026,2.0,1675823.21,,,,417939.13,,,,212,98
R021,South,2026,2.0,1853893.96,,,,445660.74,,,,255,97
R022,South,2026,2.0,1693763.89,2029431.3,-335667.41,83.46,417851.95,422898.12,-5046.17,98.81,212,96
R023,South,2026,2.0,1574205.33,,,,372683.62,,,,209,83
R024,Central,2026,2.0,1749938.88,,,,445992.56,,,,216,104
R025,Central,2026,2.0,1770265.21,,,,455512.49,,,,219,91
R001,West,2026,3.0,1942143.13,,,,448426.34,,,,257,113
R002,West,2026,3.0,1976630.19,,,,440708.2,,,,266,107
R003,West,2026,3.0,2023243.0,,,,504270.58,,,,256,100
R004,West,2026,3.0,1751690.15,,,,459529.45,,,,215,90
R005,North,2026,3.0,1786632.9,2424375.54,-637742.64,73.69,443411.56,348979.08,94432.48,127.06,250,92
R006,North,2026,3.0,1197159.7,,,,297542.15,,,,166,75
R007,North,2026,3.0,1686839.97,1771213.63,-84373.66,95.24,445931.44,364397.32,81534.12,122.38,234,94
R008,North,2026,3.0,1407850.16,,,,329218.16,,,,199,79
R009,North,2026,3.0,2087015.75,2217685.9,-130670.15,94.11,531010.37,271779.36,259231.01,195.38,271,106
R010,North,2026,3.0,1642618.1,2582149.85,-939531.75,63.61,390521.53,382501.37,8020.16,102.1,256,113
R011,North,2026,3.0,1372625.43,,,,324131.7,,,,200,84
R012,East,2026,3.0,2199147.07,2740965.39,-541818.32,80.23,551655.38,356473.87,195181.51,154.75,274,118
R013,East,2026,3.0,2102365.32,,,,498450.4,,,,268,117
R014,East,2026,3.0,1631686.81,1924857.96,-293171.15,84.77,394828.6,365949.42,28879.18,107.89,201,86
R015,South,2026,3.0,1898061.52,2823429.65,-925368.13,67.23,453665.36,548625.83,-94960.47,82.69,240,101
R016,South,2026,3.0,1881135.75,,,,438720.84,,,,262,105
R017,South,2026,3.0,2333159.44,,,,567735.83,,,,284,110
R018,South,2026,3.0,1633205.95,,,,396724.71,,,,202,98
R019,South,2026,3.0,1889201.06,,,,489762.39,,,,234,103
R020,South,2026,3.0,1774028.83,,,,424967.81,,,,194,84
R021,South,2026,3.0,1792745.93,2205115.15,-412369.22,81.3,436047.23,408437.53,27609.7,106.76,217,94
R022,South,2026,3.0,1706001.5,2017023.35,-311021.85,84.58,434490.01,452033.75,-17543.74,96.12,242,94
R023,South,2026,3.0,1846505.23,,,,414045.97,,,,252,110
R024,Central,2026,3.0,2156994.26,2306262.63,-149268.37,93.53,528485.2,454703.38,73781.82,116.23,296,106
R025,Central,2026,3.0,1889574.93,,,,479749.07,,,,263,105
R001,West,2026,4.0,2076732.32,2072879.32,3853.0,100.19,471556.43,283159.64,188396.79,166.53,248,96
R002,West,2026,4.0,1251915.61,,,,275568.34,,,,182,89
R003,West,2026,4.0,1728700.2,,,,433502.1,,,,246,111
R004,West,2026,4.0,1631267.35,1988204.57,-356937.22,82.05,399223.89,443017.79,-43793.9,90.11,199,89
R005,North,2026,4.0,1867174.77,2184208.62,-317033.85,85.49,444050.25,325154.49,118895.76,136.57,250,112
R006,North,2026,4.0,1181442.63,,,,277138.61,,,,180,78
R007,North,2026,4.0,1699861.65,1773203.66,-73342.01,95.86,446687.66,308290.51,138397.15,144.89,198,83
R008,North,2026,4.0,1524230.07,1759768.92,-235538.85,86.62,393811.09,415322.33,-21511.24,94.82,180,78
R009,North,2026,4.0,1822221.95,,,,414207.65,,,,240,103
R010,North,2026,4.0,2019011.64,,,,491248.99,,,,265,105
R011,North,2026,4.0,1701537.67,,,,444154.29,,,,225,94
R012,East,2026,4.0,2043237.36,1500929.44,542307.92,136.13,489623.94,470476.84,19147.1,104.07,267,104
R013,East,2026,4.0,1706589.36,,,,404582.16,,,,232,106
R014,East,2026,4.0,1215971.82,,,,294932.15,,,,173,70
R015,South,2026,4.0,1423092.13,1796474.04,-373381.91,79.22,374277.06,276582.88,97694.18,135.32,206,85
R016,South,2026,4.0,1747313.95,,,,440956.38,,,,218,94
R017,South,2026,4.0,1548655.58,2540108.28,-991452.7,60.97,376030.47,377213.0,-1182.53,99.69,202,83
R018,South,2026,4.0,1589252.81,,,,381938.48,,,,222,102
R019,South,2026,4.0,1738512.9,2752509.19,-1013996.29,63.16,395288.97,342743.99,52544.98,115.33,231,86
R020,South,2026,4.0,1799992.39,,,,454945.47,,,,245,94
R021,South,2026,4.0,1619101.75,,,,416905.4,,,,177,79
R022,South,2026,4.0,1799006.98,2315319.43,-516312.45,77.7,464963.64,486147.09,-21183.45,95.64,230,105
R023,South,2026,4.0,1790502.53,,,,434342.09,,,,239,97
R024,Central,2026,4.0,1567908.4,,,,369602.94,,,,203,77
R025,Central,2026,4.0,1901110.58,,,,472876.92,,,,226,103
R001,West,2026,5.0,1921058.91,,,,469066.5,,,,259,101
R002,West,2026,5.0,2200922.11,2030089.59,170832.52,108.42,583492.54,313426.77,270065.77,186.17,283,117
R003,West,2026,5.0,2102500.15,2293623.01,-191122.86,91.67,477712.04,398857.21,78854.83,119.77,247,103
R004,West,2026,5.0,2150335.58,2203890.48,-53554.9,97.57,508751.84,496868.94,11882.9,102.39,272,113
R005,North,2026,5.0,1192376.68,2490467.46,-1298090.78,47.88,252654.53,441300.09,-188645.56,57.25,178,88
R006,North,2026,5.0,2033790.2,,,,520696.77,,,,259,100
R007,North,2026,5.0,1981670.61,,,,506545.91,,,,257,108
R008,North,2026,5.0,1663756.52,2282185.52,-618429.0,72.9,426952.11,380271.67,46680.44,112.28,194,83
R009,North,2026,5.0,1704339.53,2448083.15,-743743.62,69.62,428469.07,302228.15,126240.92,141.77,217,87
R010,North,2026,5.0,1991262.41,,,,472672.09,,,,277,115
R011,North,2026,5.0,1594024.1,,,,351815.76,,,,224,95
R012,East,2026,5.0,2578416.11,,,,635548.89,,,,288,117
R013,East,2026,5.0,1562008.07,,,,324426.64,,,,235,99
R014,East,2026,5.0,2143956.39,,,,534090.47,,,,260,105
R015,South,2026,5.0,2046046.72,,,,484055.0,,,,276,111
R016,South,2026,5.0,2400612.47,2371423.59,29188.88,101.23,619931.62,372422.32,247509.3,166.46,288,110
R017,South,2026,5.0,1957943.46,,,,445065.58,,,,265,111
R018,South,2026,5.0,1742718.77,,,,412112.39,,,,222,98
R019,South,2026,5.0,1948647.34,,,,505879.62,,,,234,98
R020,South,2026,5.0,1912901.04,,,,471080.61,,,,241,100
R021,South,2026,5.0,1703271.85,,,,384556.12,,,,219,90
R022,South,2026,5.0,2128177.92,2226316.01,-98138.09,95.59,504101.63,419580.17,84521.46,120.14,269,110
R023,South,2026,5.0,2125927.75,2085040.85,40886.9,101.96,512541.36,421739.96,90801.4,121.53,246,107
R024,Central,2026,5.0,2084878.61,,,,498182.64,,,,247,101
R025,Central,2026,5.0,1803316.09,2059816.65,-256500.56,87.55,461019.47,375603.99,85415.48,122.74,236,108
R001,West,2026,6.0,1899352.88,2089828.85,-190475.97,90.89,452664.06,333131.04,119533.02,135.88,257,98
R002,West,2026,6.0,1493865.66,,,,376782.9,,,,199,80
R003,West,2026,6.0,1655996.11,,,,446541.19,,,,200,88
R004,West,2026,6.0,1734093.92,,,,430992.69,,,,233,94
R005,North,2026,6.0,1195314.29,1934428.24,-739113.95,61.79,271651.72,442298.43,-170646.71,61.42,183,82
R006,North,2026,6.0,1733885.09,,,,423507.02,,,,249,98
R007,North,2026,6.0,2233106.6,,,,516428.72,,,,281,122
R008,North,2026,6.0,1542692.35,,,,363210.08,,,,203,96
R009,North,2026,6.0,1720342.86,,,,454647.89,,,,211,92
R010,North,2026,6.0,2404130.79,2356130.31,48000.48,102.04,644403.21,263602.49,380800.72,244.46,305,120
R011,North,2026,6.0,1593269.17,2382199.81,-788930.64,66.88,391190.38,514931.39,-123741.01,75.97,196,82
R012,East,2026,6.0,2158929.49,,,,533382.79,,,,290,107
R013,East,2026,6.0,2107312.56,,,,540354.06,,,,257,98
R014,East,2026,6.0,2023979.36,,,,473256.55,,,,258,100
R015,South,2026,6.0,2199759.24,,,,535698.52,,,,247,107
R016,South,2026,6.0,2138680.54,1583931.87,554748.67,135.02,515648.51,399122.69,116525.82,129.2,262,112
R017,South,2026,6.0,1533041.25,1847677.18,-314635.93,82.97,354006.78,490421.24,-136414.46,72.18,203,93
R018,South,2026,6.0,1598702.35,1685067.71,-86365.36,94.87,371077.56,416323.13,-45245.57,89.13,206,93
R019,South,2026,6.0,1613510.6,,,,395224.62,,,,225,96
R020,South,2026,6.0,1806018.46,,,,424541.77,,,,233,108
R021,South,2026,6.0,1814917.67,2347340.14,-532422.47,77.32,440799.52,318045.26,122754.26,138.6,242,96
R022,South,2026,6.0,1879847.28,1587920.79,291926.49,118.38,465543.64,407686.68,57856.96,114.19,246,97
R023,South,2026,6.0,1861524.96,,,,526091.08,,,,243,108
R024,Central,2026,6.0,1645948.23,,,,393388.48,,,,239,112
R025,Central,2026,6.0,1706289.8,1413807.51,292482.29,120.69,427101.74,336461.85,90639.89,126.94,223,97
