Target_ID,Date,Region_ID,Category,Sales_Target,Profit_Target
TAR000001,2024-01-01,R003,Electronics,448653.93,58398.55
TAR000002,2024-01-01,R003,Home,195059.83,86383.75
TAR000003,2024-01-01,R003,Fashion,565903.72,98187.06
TAR000004,2024-01-01,R003,Beauty,511100.87,93803.95
TAR000005,2024-01-01,R003,Sports,234473.75,43881.68
TAR000006,2024-01-01,R007,Electronics,345382.68,119842.27
TAR000007,2024-01-01,R007,Home,374822.57,71195.13
TAR000008,2024-01-01,R007,Fashion,372824.49,80924.08
TAR000009,2024-01-01,R007,Beauty,472091.74,82062.85
TAR000010,2024-01-01,R007,Sports,237244.74,64610.93
TAR000011,2024-01-01,R017,Electronics,676322.8,124394.03
TAR000012,2024-01-01,R017,Home,496420.18,59390.16
TAR000013,2024-01-01,R017,Fashion,555788.63,86719.12
TAR000014,2024-01-01,R017,Beauty,498253.99,87907.65
TAR000015,2024-01-01,R017,Sports,318645.55,118357.93
TAR000016,2024-01-01,R021,Electronics,595820.37,81435.18
TAR000017,2024-01-01,R021,Home,191641.09,81346.09
TAR000018,2024-01-01,R021,Fashion,459289.57,47163.12
TAR000019,2024-01-01,R021,Beauty,172965.1,93904.54
TAR000020,2024-01-01,R021,Sports,503652.84,47467.58
TAR000021,2024-01-01,R016,Electronics,692736.13,39986.08
TAR000022,2024-01-01,R016,Home,599408.79,123907.61
TAR000023,2024-01-01,R016,Fashion,650688.28,63772.18
TAR000024,2024-01-01,R016,Beauty,565634.88,92933.94
TAR000025,2024-01-01,R016,Sports,167807.72,88908.63
TAR000026,2024-01-01,R018,Electronics,398989.25,101744.96
TAR000027,2024-01-01,R018,Home,663044.08,108164.2
TAR000028,2024-01-01,R018,Fashion,544846.7,53884.74
TAR000029,2024-01-01,R018,Beauty,303921.9,77467.38
TAR000030,2024-01-01,R018,Sports,621767.5,129084.48
TAR000031,2024-01-01,R023,Electronics,621784.6,83506.46
TAR000032,2024-01-01,R023,Home,288836.27,63989.8
TAR000033,2024-01-01,R023,Fashion,378151.14,80730.75
TAR000034,2024-01-01,R023,Beauty,521039.56,55111.34
TAR000035,2024-01-01,R023,Sports,555103.25,69539.96
TAR000036,2024-01-01,R012,Electronics,551096.65,43393.24
TAR000037,2024-01-01,R012,Home,252626.86,80822.04
TAR000038,2024-01-01,R012,Fashion,290308.31,81572.15
TAR000039,2024-01-01,R012,Beauty,475478.97,34134.56
TAR000040,2024-01-01,R012,Sports,210771.8,42740.06
TAR000041,2024-01-01,R010,Electronics,394633.94,36252.28
TAR000042,2024-01-01,R010,Home,368317.88,90536.12
TAR000043,2024-01-01,R010,Fashion,210204.84,73116.64
TAR000044,2024-01-01,R010,Beauty,357372.07,60701.24
TAR000045,2024-01-01,R010,Sports,454811.56,94136.12
TAR000046,2024-01-01,R022,Electronics,217952.59,94224.52
TAR000047,2024-01-01,R022,Home,433435.4,109699.4
TAR000048,2024-01-01,R022,Fashion,685414.39,67318.58
TAR000049,2024-01-01,R022,Beauty,332411.74,52447.42
TAR000050,2024-01-01,R022,Sports,581819.25,93250.93
TAR000051,2024-02-01,R004,Electronics,355511.43,129670.84
TAR000052,2024-02-01,R004,Home,684485.18,111285.21
TAR000053,2024-02-01,R004,Fashion,166489.25,47558.2
TAR000054,2024-02-01,R004,Beauty,461212.03,92152.22
TAR000055,2024-02-01,R004,Sports,186793.72,79955.98
TAR000056,2024-02-01,R016,Electronics,392434.7,54321.67
TAR000057,2024-02-01,R016,Home,593407.5,113683.41
TAR000058,2024-02-01,R016,Fashion,680652.18,90410.34
TAR000059,2024-02-01,R016,Beauty,576600.06,68757.47
TAR000060,2024-02-01,R016,Sports,205060.97,120938.02
TAR000061,2024-02-01,R019,Electronics,350390.05,67768.4
TAR000062,2024-02-01,R019,Home,401557.39,56814.4
TAR000063,2024-02-01,R019,Fashion,547973.15,72030.24
TAR000064,2024-02-01,R019,Beauty,174074.64,103741.46
TAR000065,2024-02-01,R019,Sports,539939.96,32237.41
TAR000066,2024-02-01,R017,Electronics,563033.4,113665.77
TAR000067,2024-02-01,R017,Home,699869.55,129384.32
TAR000068,2024-02-01,R017,Fashion,176988.94,28222.21
TAR000069,2024-02-01,R017,Beauty,541378.61,32400.55
TAR000070,2024-02-01,R017,Sports,294401.24,27004.31
TAR000071,2024-02-01,R015,Electronics,241018.38,94505.34
TAR000072,2024-02-01,R015,Home,377191.08,65847.84
TAR000073,2024-02-01,R015,Fashion,334934.98,81564.24
TAR000074,2024-02-01,R015,Beauty,345215.99,92648.55
TAR000075,2024-02-01,R015,Sports,585505.54,48064.98
TAR000076,2024-02-01,R025,Electronics,642325.65,122680.97
TAR000077,2024-02-01,R025,Home,672464.68,28818.51
TAR000078,2024-02-01,R025,Fashion,366955.9,48544.39
TAR000079,2024-02-01,R025,Beauty,357168.61,30529.56
TAR000080,2024-02-01,R025,Sports,459599.95,98349.3
TAR000081,2024-02-01,R005,Electronics,378685.96,51993.73
TAR000082,2024-02-01,R005,Home,202068.09,28765.63
TAR000083,2024-02-01,R005,Fashion,237737.67,74178.84
TAR000084,2024-02-01,R005,Beauty,347621.69,58221.1
TAR000085,2024-02-01,R005,Sports,477628.08,50326.46
TAR000086,2024-02-01,R009,Electronics,596503.79,26504.54
TAR000087,2024-02-01,R009,Home,291901.89,107023.91
TAR000088,2024-02-01,R009,Fashion,520200.36,94425.6
TAR000089,2024-02-01,R009,Beauty,394613.6,107265.57
TAR000090,2024-02-01,R009,Sports,544790.97,61909.43
TAR000091,2024-02-01,R011,Electronics,258169.62,38943.42
TAR000092,2024-02-01,R011,Home,302509.35,63820.99
TAR000093,2024-02-01,R011,Fashion,477940.27,41886.2
TAR000094,2024-02-01,R011,Beauty,256935.02,90488.29
TAR000095,2024-02-01,R011,Sports,246527.18,86636.77
TAR000096,2024-02-01,R018,Electronics,561805.92,74650.78
TAR000097,2024-02-01,R018,Home,150716.06,64760.5
TAR000098,2024-02-01,R018,Fashion,365261.59,53939.8
TAR000099,2024-02-01,R018,Beauty,471021.01,61288.23
TAR000100,2024-02-01,R018,Sports,471936.09,38983.36
TAR000101,2024-03-01,R022,Electronics,618530.83,30209.43
TAR000102,2024-03-01,R022,Home,167636.64,116164.19
TAR000103,2024-03-01,R022,Fashion,430554.24,49880.75
TAR000104,2024-03-01,R022,Beauty,541710.7,42919.03
TAR000105,2024-03-01,R022,Sports,578502.06,68477.98
TAR000106,2024-03-01,R016,Electronics,497688.89,60042.18
TAR000107,2024-03-01,R016,Home,443612.35,69877.28
TAR000108,2024-03-01,R016,Fashion,464944.95,66244.03
TAR000109,2024-03-01,R016,Beauty,467137.63,46780.36
TAR000110,2024-03-01,R016,Sports,277983.3,115640.94
TAR000111,2024-03-01,R021,Electronics,243166.72,98093.41
TAR000112,2024-03-01,R021,Home,334473.07,49789.14
TAR000113,2024-03-01,R021,Fashion,516818.32,48527.37
TAR000114,2024-03-01,R021,Beauty,532350.13,81593.65
TAR000115,2024-03-01,R021,Sports,321842.4,57515.88
TAR000116,2024-03-01,R011,Electronics,242318.26,125702.54
TAR000117,2024-03-01,R011,Home,285074.25,71261.63
TAR000118,2024-03-01,R011,Fashion,295597.16,81309.96
TAR000119,2024-03-01,R011,Beauty,324124.92,60638.59
TAR000120,2024-03-01,R011,Sports,239511.13,66942.29
TAR000121,2024-03-01,R005,Electronics,270075.75,47405.62
TAR000122,2024-03-01,R005,Home,259430.29,87021.87
TAR000123,2024-03-01,R005,Fashion,222903.18,72139.74
TAR000124,2024-03-01,R005,Beauty,407728.83,95479.21
TAR000125,2024-03-01,R005,Sports,326196.73,123061.96
TAR000126,2024-03-01,R025,Electronics,202330.61,97810.75
TAR000127,2024-03-01,R025,Home,175135.5,108202.25
TAR000128,2024-03-01,R025,Fashion,330048.86,61199.25
TAR000129,2024-03-01,R025,Beauty,239503.68,104864.8
TAR000130,2024-03-01,R025,Sports,681898.95,115254.56
TAR000131,2024-03-01,R019,Electronics,284959.19,78302.47
TAR000132,2024-03-01,R019,Home,488901.7,49593.89
TAR000133,2024-03-01,R019,Fashion,663629.36,72617.99
TAR000134,2024-03-01,R019,Beauty,470957.87,31357.51
TAR000135,2024-03-01,R019,Sports,330730.06,28402.6
TAR000136,2024-03-01,R007,Electronics,369151.64,93774.96
TAR000137,2024-03-01,R007,Home,378319.72,54668.72
TAR000138,2024-03-01,R007,Fashion,370690.97,104270.55
TAR000139,2024-03-01,R007,Beauty,242040.95,74746.76
TAR000140,2024-03-01,R007,Sports,448284.29,44815.52
TAR000141,2024-03-01,R004,Electronics,647191.86,44288.69
TAR000142,2024-03-01,R004,Home,613001.61,65705.6
TAR000143,2024-03-01,R004,Fashion,616413.22,57790.63
TAR000144,2024-03-01,R004,Beauty,222451.18,59558.65
TAR000145,2024-03-01,R004,Sports,558666.15,62156.53
TAR000146,2024-03-01,R014,Electronics,523808.37,65264.39
TAR000147,2024-03-01,R014,Home,679577.91,50866.89
TAR000148,2024-03-01,R014,Fashion,228178.55,73553.91
TAR000149,2024-03-01,R014,Beauty,218075.77,106476.94
TAR000150,2024-03-01,R014,Sports,331239.83,105833.28
TAR000151,2024-04-01,R005,Electronics,359497.4,71312.77
TAR000152,2024-04-01,R005,Home,668231.29,93313.29
TAR000153,2024-04-01,R005,Fashion,525209.74,95927.22
TAR000154,2024-04-01,R005,Beauty,150759.36,30004.21
TAR000155,2024-04-01,R005,Sports,246084.29,59747.26
TAR000156,2024-04-01,R006,Electronics,667808.63,27201.5
TAR000157,2024-04-01,R006,Home,222274.42,99364.03
TAR000158,2024-04-01,R006,Fashion,430419.75,53468.86
TAR000159,2024-04-01,R006,Beauty,398362.62,101701.94
TAR000160,2024-04-01,R006,Sports,471872.92,41164.53
TAR000161,2024-04-01,R009,Electronics,655270.44,52884.17
TAR000162,2024-04-01,R009,Home,471520.7,113762.55
TAR000163,2024-04-01,R009,Fashion,598898.18,121995.88
TAR000164,2024-04-01,R009,Beauty,367658.81,47945.28
TAR000165,2024-04-01,R009,Sports,676698.01,84626.33
TAR000166,2024-04-01,R011,Electronics,576560.58,65542.7
TAR000167,2024-04-01,R011,Home,446423.76,115967.84
TAR000168,2024-04-01,R011,Fashion,676740.11,74279.5
TAR000169,2024-04-01,R011,Beauty,188914.65,26576.74
TAR000170,2024-04-01,R011,Sports,335361.64,115332.41
TAR000171,2024-04-01,R014,Electronics,568436.28,39267.68
TAR000172,2024-04-01,R014,Home,513120.93,28571.93
TAR000173,2024-04-01,R014,Fashion,220505.04,124147.85
TAR000174,2024-04-01,R014,Beauty,544744.3,111807.37
TAR000175,2024-04-01,R014,Sports,437060.27,68404.16
TAR000176,2024-04-01,R002,Electronics,161903.94,107255.87
TAR000177,2024-04-01,R002,Home,661270.76,43954.25
TAR000178,2024-04-01,R002,Fashion,605511.94,74062.17
TAR000179,2024-04-01,R002,Beauty,357094.41,84248.68
TAR000180,2024-04-01,R002,Sports,568319.28,28671.34
TAR000181,2024-04-01,R016,Electronics,528728.9,62507.35
TAR000182,2024-04-01,R016,Home,622508.65,87428.52
TAR000183,2024-04-01,R016,Fashion,357458.67,123187.22
TAR000184,2024-04-01,R016,Beauty,245367.39,116011.81
TAR000185,2024-04-01,R016,Sports,352789.35,94260.46
TAR000186,2024-04-01,R010,Electronics,179658.94,110381.5
TAR000187,2024-04-01,R010,Home,192285.58,40631.46
TAR000188,2024-04-01,R010,Fashion,581173.35,34746.65
TAR000189,2024-04-01,R010,Beauty,635665.71,54235.24
TAR000190,2024-04-01,R010,Sports,678707.54,36583.26
TAR000191,2024-04-01,R019,Electronics,362548.81,98228.07
TAR000192,2024-04-01,R019,Home,395181.12,44938.16
TAR000193,2024-04-01,R019,Fashion,283885.4,95252.95
TAR000194,2024-04-01,R019,Beauty,347149.97,128245.35
TAR000195,2024-04-01,R019,Sports,681274.08,128185.32
TAR000196,2024-04-01,R022,Electronics,554686.54,66526.54
TAR000197,2024-04-01,R022,Home,576004.05,113339.56
TAR000198,2024-04-01,R022,Fashion,476507.22,64522.85
TAR000199,2024-04-01,R022,Beauty,205266.08,64402.94
TAR000200,2024-04-01,R022,Sports,185017.72,31964.03
TAR000201,2024-05-01,R012,Electronics,639581.07,123408.39
TAR000202,2024-05-01,R012,Home,250403.88,76929.35
TAR000203,2024-05-01,R012,Fashion,199376.51,91549.26
TAR000204,2024-05-01,R012,Beauty,164596.16,54686.43
TAR000205,2024-05-01,R012,Sports,685084.67,71836.61
TAR000206,2024-05-01,R005,Electronics,465880.81,77925.7
TAR000207,2024-05-01,R005,Home,301767.27,118631.12
TAR000208,2024-05-01,R005,Fashion,220595.78,34146.2
TAR000209,2024-05-01,R005,Beauty,370009.73,53139.48
TAR000210,2024-05-01,R005,Sports,317748.82,36626.33
TAR000211,2024-05-01,R024,Electronics,250543.15,64219.17
TAR000212,2024-05-01,R024,Home,621471.79,39647.94
TAR000213,2024-05-01,R024,Fashion,292613.27,35280.86
TAR000214,2024-05-01,R024,Beauty,292887.92,44873.06
TAR000215,2024-05-01,R024,Sports,286192.37,98402.65
TAR000216,2024-05-01,R021,Electronics,253673.16,29174.91
TAR000217,2024-05-01,R021,Home,186840.53,29821.16
TAR000218,2024-05-01,R021,Fashion,645695.26,62176.1
TAR000219,2024-05-01,R021,Beauty,294345.04,102378.32
TAR000220,2024-05-01,R021,Sports,333429.64,100100.66
TAR000221,2024-05-01,R022,Electronics,621279.18,81408.19
TAR000222,2024-05-01,R022,Home,227164.82,74043.51
TAR000223,2024-05-01,R022,Fashion,565255.79,88892.64
TAR000224,2024-05-01,R022,Beauty,595795.33,44344.23
TAR000225,2024-05-01,R022,Sports,608093.37,73322.94
TAR000226,2024-05-01,R015,Electronics,375512.68,73162.65
TAR000227,2024-05-01,R015,Home,473434.28,45419.97
TAR000228,2024-05-01,R015,Fashion,558482.06,112937.53
TAR000229,2024-05-01,R015,Beauty,373278.76,117084.09
TAR000230,2024-05-01,R015,Sports,692950.26,42757.81
TAR000231,2024-05-01,R009,Electronics,414626.31,83478.02
TAR000232,2024-05-01,R009,Home,426243.0,117645.65
TAR000233,2024-05-01,R009,Fashion,315906.12,129736.46
TAR000234,2024-05-01,R009,Beauty,236766.58,38561.46
TAR000235,2024-05-01,R009,Sports,579508.9,126810.81
TAR000236,2024-05-01,R010,Electronics,679377.53,117286.41
TAR000237,2024-05-01,R010,Home,342473.85,55417.27
TAR000238,2024-05-01,R010,Fashion,202475.49,49625.8
TAR000239,2024-05-01,R010,Beauty,220828.81,83014.23
TAR000240,2024-05-01,R010,Sports,423379.26,129859.79
TAR000241,2024-05-01,R014,Electronics,524705.88,38715.74
TAR000242,2024-05-01,R014,Home,463123.33,73990.11
TAR000243,2024-05-01,R014,Fashion,630233.54,106904.79
TAR000244,2024-05-01,R014,Beauty,678793.39,74010.63
TAR000245,2024-05-01,R014,Sports,202406.54,126297.31
TAR000246,2024-05-01,R007,Electronics,416257.99,27212.57
TAR000247,2024-05-01,R007,Home,397620.53,90612.13
TAR000248,2024-05-01,R007,Fashion,577467.27,127229.09
TAR000249,2024-05-01,R007,Beauty,405559.12,32440.29
TAR000250,2024-05-01,R007,Sports,266813.81,42467.71
TAR000251,2024-06-01,R022,Electronics,559031.91,128152.34
TAR000252,2024-06-01,R022,Home,150485.68,41689.06
TAR000253,2024-06-01,R022,Fashion,587239.83,31111.44
TAR000254,2024-06-01,R022,Beauty,603426.37,123192.01
TAR000255,2024-06-01,R022,Sports,674667.88,67916.94
TAR000256,2024-06-01,R007,Electronics,596575.82,111724.04
TAR000257,2024-06-01,R007,Home,247566.61,99838.35
TAR000258,2024-06-01,R007,Fashion,274141.6,39195.69
TAR000259,2024-06-01,R007,Beauty,536283.92,129249.2
TAR000260,2024-06-01,R007,Sports,680957.04,124843.97
TAR000261,2024-06-01,R012,Electronics,518462.96,33407.84
TAR000262,2024-06-01,R012,Home,511979.88,93632.09
TAR000263,2024-06-01,R012,Fashion,160625.31,120179.09
TAR000264,2024-06-01,R012,Beauty,567986.19,97147.29
TAR000265,2024-06-01,R012,Sports,232942.03,26971.18
TAR000266,2024-06-01,R015,Electronics,156729.89,67095.04
TAR000267,2024-06-01,R015,Home,556390.26,37109.54
TAR000268,2024-06-01,R015,Fashion,639982.13,99265.39
TAR000269,2024-06-01,R015,Beauty,169971.25,72127.09
TAR000270,2024-06-01,R015,Sports,194162.79,84589.59
TAR000271,2024-06-01,R004,Electronics,271064.94,37277.09
TAR000272,2024-06-01,R004,Home,638489.84,115554.13
TAR000273,2024-06-01,R004,Fashion,655891.25,59782.62
TAR000274,2024-06-01,R004,Beauty,549385.2,49857.09
TAR000275,2024-06-01,R004,Sports,179934.61,112743.75
TAR000276,2024-06-01,R019,Electronics,287394.12,103527.93
TAR000277,2024-06-01,R019,Home,646822.05,81160.49
TAR000278,2024-06-01,R019,Fashion,214531.5,126316.14
TAR000279,2024-06-01,R019,Beauty,267335.6,71570.25
TAR000280,2024-06-01,R019,Sports,261339.74,72934.52
TAR000281,2024-06-01,R008,Electronics,340734.55,49015.18
TAR000282,2024-06-01,R008,Home,261568.49,110762.86
TAR000283,2024-06-01,R008,Fashion,388983.26,64418.78
TAR000284,2024-06-01,R008,Beauty,609219.38,71540.61
TAR000285,2024-06-01,R008,Sports,434904.88,58840.64
TAR000286,2024-06-01,R005,Electronics,598850.92,68572.0
TAR000287,2024-06-01,R005,Home,322035.13,45709.51
TAR000288,2024-06-01,R005,Fashion,628533.17,58235.69
TAR000289,2024-06-01,R005,Beauty,384004.23,64102.46
TAR000290,2024-06-01,R005,Sports,208475.39,31353.99
TAR000291,2024-06-01,R017,Electronics,660660.7,107347.45
TAR000292,2024-06-01,R017,Home,364816.35,110225.45
TAR000293,2024-06-01,R017,Fashion,212344.81,64261.79
TAR000294,2024-06-01,R017,Beauty,363492.06,62953.75
TAR000295,2024-06-01,R017,Sports,283864.0,112157.15
TAR000296,2024-06-01,R001,Electronics,269940.96,61491.8
TAR000297,2024-06-01,R001,Home,689114.61,92066.9
TAR000298,2024-06-01,R001,Fashion,463982.28,37759.61
TAR000299,2024-06-01,R001,Beauty,632271.96,99442.67
TAR000300,2024-06-01,R001,Sports,555274.67,29528.02
TAR000301,2024-07-01,R016,Electronics,592944.22,100689.87
TAR000302,2024-07-01,R016,Home,474552.42,111380.26
TAR000303,2024-07-01,R016,Fashion,332371.42,57618.3
TAR000304,2024-07-01,R016,Beauty,198787.94,47533.59
TAR000305,2024-07-01,R016,Sports,488047.31,70664.28
TAR000306,2024-07-01,R023,Electronics,553899.52,77174.75
TAR000307,2024-07-01,R023,Home,217578.54,110813.15
TAR000308,2024-07-01,R023,Fashion,330794.58,43039.2
TAR000309,2024-07-01,R023,Beauty,642588.4,56574.35
TAR000310,2024-07-01,R023,Sports,298455.54,86228.05
TAR000311,2024-07-01,R025,Electronics,283003.4,120762.79
TAR000312,2024-07-01,R025,Home,589647.69,39364.99
TAR000313,2024-07-01,R025,Fashion,234220.02,127576.31
TAR000314,2024-07-01,R025,Beauty,207273.1,88660.79
TAR000315,2024-07-01,R025,Sports,391764.31,107659.93
TAR000316,2024-07-01,R009,Electronics,606194.35,77229.13
TAR000317,2024-07-01,R009,Home,187260.28,96827.92
TAR000318,2024-07-01,R009,Fashion,696986.18,96239.64
TAR000319,2024-07-01,R009,Beauty,156470.63,118305.52
TAR000320,2024-07-01,R009,Sports,171645.97,126067.46
TAR000321,2024-07-01,R022,Electronics,385507.93,126222.86
TAR000322,2024-07-01,R022,Home,384305.99,63829.79
TAR000323,2024-07-01,R022,Fashion,438527.79,97575.89
TAR000324,2024-07-01,R022,Beauty,169024.41,45515.95
TAR000325,2024-07-01,R022,Sports,644682.15,71532.8
TAR000326,2024-07-01,R003,Electronics,420740.24,42407.75
TAR000327,2024-07-01,R003,Home,173743.89,117505.71
TAR000328,2024-07-01,R003,Fashion,536135.42,115509.88
TAR000329,2024-07-01,R003,Beauty,526014.68,87736.06
TAR000330,2024-07-01,R003,Sports,173872.0,85267.3
TAR000331,2024-07-01,R004,Electronics,186912.09,70198.34
TAR000332,2024-07-01,R004,Home,150667.28,41885.7
TAR000333,2024-07-01,R004,Fashion,609272.43,65605.68
TAR000334,2024-07-01,R004,Beauty,286903.58,34967.12
TAR000335,2024-07-01,R004,Sports,459892.91,77491.75
TAR000336,2024-07-01,R005,Electronics,647217.58,59763.68
TAR000337,2024-07-01,R005,Home,543598.96,37217.06
TAR000338,2024-07-01,R005,Fashion,629631.7,50779.49
TAR000339,2024-07-01,R005,Beauty,287908.3,112652.31
TAR000340,2024-07-01,R005,Sports,265601.19,27374.05
TAR000341,2024-07-01,R002,Electronics,643234.05,106289.3
TAR000342,2024-07-01,R002,Home,426603.45,128050.5
TAR000343,2024-07-01,R002,Fashion,453177.07,127177.21
TAR000344,2024-07-01,R002,Beauty,289849.52,69551.77
TAR000345,2024-07-01,R002,Sports,483150.33,117254.69
TAR000346,2024-07-01,R008,Electronics,647160.8,74432.23
TAR000347,2024-07-01,R008,Home,624130.64,27176.58
TAR000348,2024-07-01,R008,Fashion,420366.89,121593.96
TAR000349,2024-07-01,R008,Beauty,538896.13,59103.78
TAR000350,2024-07-01,R008,Sports,674319.27,35038.96
TAR000351,2024-08-01,R017,Electronics,297351.34,96895.37
TAR000352,2024-08-01,R017,Home,256091.99,35745.52
TAR000353,2024-08-01,R017,Fashion,439341.73,117285.13
TAR000354,2024-08-01,R017,Beauty,427820.37,87034.52
TAR000355,2024-08-01,R017,Sports,503527.86,55812.05
TAR000356,2024-08-01,R001,Electronics,484685.7,78926.33
TAR000357,2024-08-01,R001,Home,352219.19,31438.06
TAR000358,2024-08-01,R001,Fashion,242381.78,46462.86
TAR000359,2024-08-01,R001,Beauty,232381.98,63489.18
TAR000360,2024-08-01,R001,Sports,535007.03,29288.89
TAR000361,2024-08-01,R011,Electronics,241453.72,87765.51
TAR000362,2024-08-01,R011,Home,266150.03,58356.52
TAR000363,2024-08-01,R011,Fashion,530965.33,37692.17
TAR000364,2024-08-01,R011,Beauty,605862.88,33240.51
TAR000365,2024-08-01,R011,Sports,168872.56,78654.06
TAR000366,2024-08-01,R010,Electronics,390822.28,52632.32
TAR000367,2024-08-01,R010,Home,447148.76,108529.48
TAR000368,2024-08-01,R010,Fashion,287992.19,54795.64
TAR000369,2024-08-01,R010,Beauty,689868.03,113659.38
TAR000370,2024-08-01,R010,Sports,325248.53,117116.7
TAR000371,2024-08-01,R022,Electronics,165887.79,57893.62
TAR000372,2024-08-01,R022,Home,388113.2,71262.62
TAR000373,2024-08-01,R022,Fashion,452283.73,124146.1
TAR000374,2024-08-01,R022,Beauty,348719.81,96651.56
TAR000375,2024-08-01,R022,Sports,640773.1,47220.48
TAR000376,2024-08-01,R018,Electronics,693765.39,75270.48
TAR000377,2024-08-01,R018,Home,548818.44,81437.44
TAR000378,2024-08-01,R018,Fashion,655189.52,95989.82
TAR000379,2024-08-01,R018,Beauty,301395.08,88293.4
TAR000380,2024-08-01,R018,Sports,270097.66,95597.72
TAR000381,2024-08-01,R005,Electronics,264663.55,104597.53
TAR000382,2024-08-01,R005,Home,439725.0,46497.55
TAR000383,2024-08-01,R005,Fashion,432476.91,120486.65
TAR000384,2024-08-01,R005,Beauty,490285.73,69899.53
TAR000385,2024-08-01,R005,Sports,452191.44,48029.03
TAR000386,2024-08-01,R021,Electronics,460829.48,77661.23
TAR000387,2024-08-01,R021,Home,505546.22,74626.51
TAR000388,2024-08-01,R021,Fashion,222496.76,46912.93
TAR000389,2024-08-01,R021,Beauty,375251.14,60415.79
TAR000390,2024-08-01,R021,Sports,326845.42,79041.84
TAR000391,2024-08-01,R025,Electronics,453568.77,85437.72
TAR000392,2024-08-01,R025,Home,530142.5,53359.3
TAR000393,2024-08-01,R025,Fashion,541125.15,43323.36
TAR000394,2024-08-01,R025,Beauty,246505.42,28181.16
TAR000395,2024-08-01,R025,Sports,255604.62,51188.56
TAR000396,2024-08-01,R016,Electronics,376443.55,51528.05
TAR000397,2024-08-01,R016,Home,496511.25,61219.87
TAR000398,2024-08-01,R016,Fashion,536417.4,65497.64
TAR000399,2024-08-01,R016,Beauty,527797.85,80841.06
TAR000400,2024-08-01,R016,Sports,341845.5,56524.05
TAR000401,2024-09-01,R009,Electronics,425216.11,32769.39
TAR000402,2024-09-01,R009,Home,508873.3,94343.92
TAR000403,2024-09-01,R009,Fashion,457796.56,56009.14
TAR000404,2024-09-01,R009,Beauty,330764.72,72956.71
TAR000405,2024-09-01,R009,Sports,575224.12,70656.09
TAR000406,2024-09-01,R001,Electronics,225144.92,108288.35
TAR000407,2024-09-01,R001,Home,564947.19,118376.39
TAR000408,2024-09-01,R001,Fashion,441201.1,113909.04
TAR000409,2024-09-01,R001,Beauty,347059.08,46447.63
TAR000410,2024-09-01,R001,Sports,498067.37,54849.94
TAR000411,2024-09-01,R024,Electronics,571162.89,33770.11
TAR000412,2024-09-01,R024,Home,362297.39,75676.15
TAR000413,2024-09-01,R024,Fashion,549389.77,64402.4
TAR000414,2024-09-01,R024,Beauty,570993.39,34480.23
TAR000415,2024-09-01,R024,Sports,566621.23,97768.34
TAR000416,2024-09-01,R006,Electronics,554153.04,80824.79
TAR000417,2024-09-01,R006,Home,445015.91,76210.86
TAR000418,2024-09-01,R006,Fashion,579676.7,65458.02
TAR000419,2024-09-01,R006,Beauty,199040.49,95439.97
TAR000420,2024-09-01,R006,Sports,344008.05,77374.74
TAR000421,2024-09-01,R017,Electronics,629883.67,25083.49
TAR000422,2024-09-01,R017,Home,685224.54,58732.0
TAR000423,2024-09-01,R017,Fashion,206966.41,76424.74
TAR000424,2024-09-01,R017,Beauty,209195.37,125704.01
TAR000425,2024-09-01,R017,Sports,573923.6,35547.08
TAR000426,2024-09-01,R013,Electronics,564214.78,70398.48
TAR000427,2024-09-01,R013,Home,677574.09,109315.74
TAR000428,2024-09-01,R013,Fashion,267778.1,106208.2
TAR000429,2024-09-01,R013,Beauty,694834.33,35675.25
TAR000430,2024-09-01,R013,Sports,532431.46,35421.02
TAR000431,2024-09-01,R019,Electronics,220366.35,84876.13
TAR000432,2024-09-01,R019,Home,583738.84,115133.59
TAR000433,2024-09-01,R019,Fashion,558374.69,51550.87
TAR000434,2024-09-01,R019,Beauty,345130.86,77149.42
TAR000435,2024-09-01,R019,Sports,544386.46,109535.01
TAR000436,2024-09-01,R005,Electronics,255555.45,58196.1
TAR000437,2024-09-01,R005,Home,478398.6,123752.57
TAR000438,2024-09-01,R005,Fashion,421637.15,104483.16
TAR000439,2024-09-01,R005,Beauty,291427.3,68334.42
TAR000440,2024-09-01,R005,Sports,294792.19,70628.79
TAR000441,2024-09-01,R007,Electronics,439519.41,71051.36
TAR000442,2024-09-01,R007,Home,267889.2,43293.92
TAR000443,2024-09-01,R007,Fashion,490786.55,53200.27
TAR000444,2024-09-01,R007,Beauty,436222.59,75504.11
TAR000445,2024-09-01,R007,Sports,584587.83,61192.41
TAR000446,2024-09-01,R012,Electronics,629966.86,38433.62
TAR000447,2024-09-01,R012,Home,385441.03,116178.24
TAR000448,2024-09-01,R012,Fashion,165421.0,99447.13
TAR000449,2024-09-01,R012,Beauty,515167.98,35110.39
TAR000450,2024-09-01,R012,Sports,299324.78,69700.18
TAR000451,2024-10-01,R002,Electronics,496190.6,104680.82
TAR000452,2024-10-01,R002,Home,370421.56,44794.11
TAR000453,2024-10-01,R002,Fashion,584461.9,29705.06
TAR000454,2024-10-01,R002,Beauty,352026.87,83871.82
TAR000455,2024-10-01,R002,Sports,379104.78,46080.41
TAR000456,2024-10-01,R001,Electronics,368080.74,116477.47
TAR000457,2024-10-01,R001,Home,165627.48,38762.75
TAR000458,2024-10-01,R001,Fashion,523332.11,78347.57
TAR000459,2024-10-01,R001,Beauty,245644.81,105434.72
TAR000460,2024-10-01,R001,Sports,697235.17,100347.18
TAR000461,2024-10-01,R019,Electronics,615283.55,81371.21
TAR000462,2024-10-01,R019,Home,353681.13,101415.26
TAR000463,2024-10-01,R019,Fashion,204280.65,49532.31
TAR000464,2024-10-01,R019,Beauty,452168.96,90205.38
TAR000465,2024-10-01,R019,Sports,150363.56,29404.4
TAR000466,2024-10-01,R013,Electronics,191357.85,109209.75
TAR000467,2024-10-01,R013,Home,281170.04,47372.24
TAR000468,2024-10-01,R013,Fashion,667644.49,105275.52
TAR000469,2024-10-01,R013,Beauty,484630.18,47692.77
TAR000470,2024-10-01,R013,Sports,445964.71,50491.53
TAR000471,2024-10-01,R018,Electronics,613697.75,42836.5
TAR000472,2024-10-01,R018,Home,693741.17,44117.94
TAR000473,2024-10-01,R018,Fashion,202251.78,101958.12
TAR000474,2024-10-01,R018,Beauty,681293.74,33723.57
TAR000475,2024-10-01,R018,Sports,493451.29,104382.0
TAR000476,2024-10-01,R011,Electronics,564228.34,111761.98
TAR000477,2024-10-01,R011,Home,330029.67,55285.92
TAR000478,2024-10-01,R011,Fashion,517085.5,86202.29
TAR000479,2024-10-01,R011,Beauty,646448.44,62631.15
TAR000480,2024-10-01,R011,Sports,649390.63,126511.82
TAR000481,2024-10-01,R012,Electronics,194218.27,108953.06
TAR000482,2024-10-01,R012,Home,231342.9,124335.05
TAR000483,2024-10-01,R012,Fashion,178989.72,58394.39
TAR000484,2024-10-01,R012,Beauty,475115.47,109139.0
TAR000485,2024-10-01,R012,Sports,285233.12,97089.11
TAR000486,2024-10-01,R010,Electronics,462373.29,102141.56
TAR000487,2024-10-01,R010,Home,246327.43,104581.58
TAR000488,2024-10-01,R010,Fashion,216832.52,59950.68
TAR000489,2024-10-01,R010,Beauty,386148.87,120194.73
TAR000490,2024-10-01,R010,Sports,444161.82,78793.72
TAR000491,2024-10-01,R003,Electronics,577004.23,95504.84
TAR000492,2024-10-01,R003,Home,584667.56,115933.97
TAR000493,2024-10-01,R003,Fashion,365704.16,47881.02
TAR000494,2024-10-01,R003,Beauty,682057.51,29129.09
TAR000495,2024-10-01,R003,Sports,186313.08,35179.44
TAR000496,2024-10-01,R015,Electronics,381682.26,82383.94
TAR000497,2024-10-01,R015,Home,338580.73,90237.09
TAR000498,2024-10-01,R015,Fashion,257282.36,128175.76
TAR000499,2024-10-01,R015,Beauty,183475.26,45019.06
TAR000500,2024-10-01,R015,Sports,352149.08,39015.67
TAR000501,2024-11-01,R019,Electronics,539508.21,109381.63
TAR000502,2024-11-01,R019,Home,447978.9,119221.42
TAR000503,2024-11-01,R019,Fashion,642342.28,100224.52
TAR000504,2024-11-01,R019,Beauty,664330.79,45266.31
TAR000505,2024-11-01,R019,Sports,525361.04,57681.47
TAR000506,2024-11-01,R014,Electronics,670431.9,95821.05
TAR000507,2024-11-01,R014,Home,379860.43,72179.26
TAR000508,2024-11-01,R014,Fashion,262679.33,109068.97
TAR000509,2024-11-01,R014,Beauty,573087.4,108930.82
TAR000510,2024-11-01,R014,Sports,295270.2,70262.1
TAR000511,2024-11-01,R008,Electronics,172491.23,82525.53
TAR000512,2024-11-01,R008,Home,321145.19,65240.72
TAR000513,2024-11-01,R008,Fashion,538614.86,129217.81
TAR000514,2024-11-01,R008,Beauty,587770.09,129744.44
TAR000515,2024-11-01,R008,Sports,478707.19,103272.16
TAR000516,2024-11-01,R022,Electronics,359239.52,102002.1
TAR000517,2024-11-01,R022,Home,164381.48,79729.37
TAR000518,2024-11-01,R022,Fashion,287403.09,59104.28
TAR000519,2024-11-01,R022,Beauty,540635.1,118272.46
TAR000520,2024-11-01,R022,Sports,259702.68,124340.3
TAR000521,2024-11-01,R013,Electronics,295033.95,101423.1
TAR000522,2024-11-01,R013,Home,513729.54,27340.06
TAR000523,2024-11-01,R013,Fashion,268461.25,56778.54
TAR000524,2024-11-01,R013,Beauty,242368.71,88405.86
TAR000525,2024-11-01,R013,Sports,241831.78,114979.05
TAR000526,2024-11-01,R009,Electronics,223108.44,127059.41
TAR000527,2024-11-01,R009,Home,660671.29,42203.65
TAR000528,2024-11-01,R009,Fashion,520667.25,78993.2
TAR000529,2024-11-01,R009,Beauty,591399.62,41228.55
TAR000530,2024-11-01,R009,Sports,295138.2,84584.7
TAR000531,2024-11-01,R020,Electronics,262231.48,99477.53
TAR000532,2024-11-01,R020,Home,330176.18,55458.69
TAR000533,2024-11-01,R020,Fashion,412020.52,125146.25
TAR000534,2024-11-01,R020,Beauty,535869.74,44561.02
TAR000535,2024-11-01,R020,Sports,458040.74,92941.59
TAR000536,2024-11-01,R007,Electronics,480573.47,80349.29
TAR000537,2024-11-01,R007,Home,696122.73,42669.58
TAR000538,2024-11-01,R007,Fashion,172615.13,62385.25
TAR000539,2024-11-01,R007,Beauty,412459.61,109414.49
TAR000540,2024-11-01,R007,Sports,316282.39,45296.17
TAR000541,2024-11-01,R001,Electronics,422606.73,88356.5
TAR000542,2024-11-01,R001,Home,473969.09,126647.24
TAR000543,2024-11-01,R001,Fashion,477756.62,56774.03
TAR000544,2024-11-01,R001,Beauty,583113.32,49230.05
TAR000545,2024-11-01,R001,Sports,192171.9,36124.5
TAR000546,2024-11-01,R021,Electronics,493473.97,78784.33
TAR000547,2024-11-01,R021,Home,479231.0,39802.87
TAR000548,2024-11-01,R021,Fashion,231108.01,57260.29
TAR000549,2024-11-01,R021,Beauty,208438.11,83120.89
TAR000550,2024-11-01,R021,Sports,172066.95,66863.19
TAR000551,2024-12-01,R013,Electronics,333208.07,116132.19
TAR000552,2024-12-01,R013,Home,564568.91,90056.53
TAR000553,2024-12-01,R013,Fashion,339309.65,29558.73
TAR000554,2024-12-01,R013,Beauty,266959.99,95236.04
TAR000555,2024-12-01,R013,Sports,266928.9,36173.38
TAR000556,2024-12-01,R018,Electronics,281067.09,100172.12
TAR000557,2024-12-01,R018,Home,664614.71,114857.29
TAR000558,2024-12-01,R018,Fashion,428993.4,129467.43
TAR000559,2024-12-01,R018,Beauty,441486.85,55779.95
TAR000560,2024-12-01,R018,Sports,611335.06,88174.38
TAR000561,2024-12-01,R024,Electronics,360753.14,79690.4
TAR000562,2024-12-01,R024,Home,268638.97,122115.21
TAR000563,2024-12-01,R024,Fashion,279316.23,114353.15
TAR000564,2024-12-01,R024,Beauty,215867.61,111811.3
TAR000565,2024-12-01,R024,Sports,554380.16,129646.12
TAR000566,2024-12-01,R001,Electronics,697398.52,68899.82
TAR000567,2024-12-01,R001,Home,580608.23,43173.45
TAR000568,2024-12-01,R001,Fashion,339939.75,127628.89
TAR000569,2024-12-01,R001,Beauty,404267.52,37263.37
TAR000570,2024-12-01,R001,Sports,574332.59,79017.49
TAR000571,2024-12-01,R006,Electronics,603799.87,93948.82
TAR000572,2024-12-01,R006,Home,184958.87,129065.86
TAR000573,2024-12-01,R006,Fashion,414564.98,111523.76
TAR000574,2024-12-01,R006,Beauty,282028.89,48989.09
TAR000575,2024-12-01,R006,Sports,479845.72,58068.55
TAR000576,2024-12-01,R010,Electronics,676484.55,62564.84
TAR000577,2024-12-01,R010,Home,293124.63,104657.62
TAR000578,2024-12-01,R010,Fashion,615524.69,108225.02
TAR000579,2024-12-01,R010,Beauty,169051.31,99735.71
TAR000580,2024-12-01,R010,Sports,647934.72,114693.15
TAR000581,2024-12-01,R017,Electronics,373757.83,25348.55
TAR000582,2024-12-01,R017,Home,388018.86,57804.96
TAR000583,2024-12-01,R017,Fashion,218595.09,61910.92
TAR000584,2024-12-01,R017,Beauty,469483.57,38351.7
TAR000585,2024-12-01,R017,Sports,308334.58,94444.14
TAR000586,2024-12-01,R020,Electronics,315792.2,26338.8
TAR000587,2024-12-01,R020,Home,360499.91,64177.01
TAR000588,2024-12-01,R020,Fashion,288297.82,85135.66
TAR000589,2024-12-01,R020,Beauty,187148.0,69891.3
TAR000590,2024-12-01,R020,Sports,227753.94,36958.91
TAR000591,2024-12-01,R002,Electronics,480369.17,94675.94
TAR000592,2024-12-01,R002,Home,373172.41,86665.61
TAR000593,2024-12-01,R002,Fashion,259188.89,119573.06
TAR000594,2024-12-01,R002,Beauty,280862.75,109839.89
TAR000595,2024-12-01,R002,Sports,290552.7,74114.46
TAR000596,2024-12-01,R005,Electronics,463690.68,102858.66
TAR000597,2024-12-01,R005,Home,238335.69,122935.66
TAR000598,2024-12-01,R005,Fashion,409611.46,45681.53
TAR000599,2024-12-01,R005,Beauty,674573.07,123663.05
TAR000600,2024-12-01,R005,Sports,562465.01,39233.09
TAR000601,2025-01-01,R004,Electronics,566367.86,30930.73
TAR000602,2025-01-01,R004,Home,395189.59,105143.59
TAR000603,2025-01-01,R004,Fashion,520236.37,54557.77
TAR000604,2025-01-01,R004,Beauty,508033.76,76627.79
TAR000605,2025-01-01,R004,Sports,164457.68,127094.6
TAR000606,2025-01-01,R016,Electronics,367346.23,63865.1
TAR000607,2025-01-01,R016,Home,216557.35,113377.28
TAR000608,2025-01-01,R016,Fashion,432906.33,68441.83
TAR000609,2025-01-01,R016,Beauty,523686.4,40179.56
TAR000610,2025-01-01,R016,Sports,179937.61,60981.07
TAR000611,2025-01-01,R019,Electronics,171936.69,118851.34
TAR000612,2025-01-01,R019,Home,350461.62,64502.19
TAR000613,2025-01-01,R019,Fashion,659837.25,116495.51
TAR000614,2025-01-01,R019,Beauty,653207.38,46179.92
TAR000615,2025-01-01,R019,Sports,440411.23,47530.04
TAR000616,2025-01-01,R017,Electronics,327870.83,82809.57
TAR000617,2025-01-01,R017,Home,682213.33,101688.16
TAR000618,2025-01-01,R017,Fashion,354166.31,102292.23
TAR000619,2025-01-01,R017,Beauty,320844.11,30094.69
TAR000620,2025-01-01,R017,Sports,181331.06,27817.58
TAR000621,2025-01-01,R015,Electronics,379537.56,58967.13
TAR000622,2025-01-01,R015,Home,200538.76,105637.91
TAR000623,2025-01-01,R015,Fashion,417632.35,128573.37
TAR000624,2025-01-01,R015,Beauty,519629.36,103945.9
TAR000625,2025-01-01,R015,Sports,376822.02,33395.14
TAR000626,2025-01-01,R025,Electronics,505229.78,27901.36
TAR000627,2025-01-01,R025,Home,296680.73,39541.24
TAR000628,2025-01-01,R025,Fashion,491482.83,33461.18
TAR000629,2025-01-01,R025,Beauty,224545.28,48953.76
TAR000630,2025-01-01,R025,Sports,322356.99,83964.0
TAR000631,2025-01-01,R005,Electronics,537449.3,35493.27
TAR000632,2025-01-01,R005,Home,257582.0,116208.0
TAR000633,2025-01-01,R005,Fashion,407890.98,42539.51
TAR000634,2025-01-01,R005,Beauty,585107.25,87954.16
TAR000635,2025-01-01,R005,Sports,273839.5,109493.03
TAR000636,2025-01-01,R009,Electronics,626413.87,129036.67
TAR000637,2025-01-01,R009,Home,662221.41,58663.29
TAR000638,2025-01-01,R009,Fashion,572387.97,101538.06
TAR000639,2025-01-01,R009,Beauty,584410.5,44597.46
TAR000640,2025-01-01,R009,Sports,461342.84,100740.78
TAR000641,2025-01-01,R011,Electronics,621782.58,59896.53
TAR000642,2025-01-01,R011,Home,474798.77,45476.02
TAR000643,2025-01-01,R011,Fashion,616918.52,67947.24
TAR000644,2025-01-01,R011,Beauty,568046.95,105215.05
TAR000645,2025-01-01,R011,Sports,310574.39,69120.77
TAR000646,2025-01-01,R018,Electronics,424549.92,97767.41
TAR000647,2025-01-01,R018,Home,551839.19,60599.95
TAR000648,2025-01-01,R018,Fashion,344072.58,120390.54
TAR000649,2025-01-01,R018,Beauty,392092.01,103431.51
TAR000650,2025-01-01,R018,Sports,363776.51,110948.18
TAR000651,2025-02-01,R022,Electronics,214158.08,128453.82
TAR000652,2025-02-01,R022,Home,662787.24,108760.63
TAR000653,2025-02-01,R022,Fashion,152075.57,128432.59
TAR000654,2025-02-01,R022,Beauty,438260.89,31514.99
TAR000655,2025-02-01,R022,Sports,279997.02,59204.37
TAR000656,2025-02-01,R016,Electronics,534161.7,44176.21
TAR000657,2025-02-01,R016,Home,359633.87,105733.63
TAR000658,2025-02-01,R016,Fashion,568920.39,76055.9
TAR000659,2025-02-01,R016,Beauty,170028.58,76021.72
TAR000660,2025-02-01,R016,Sports,567754.4,98715.56
TAR000661,2025-02-01,R021,Electronics,490056.49,126930.33
TAR000662,2025-02-01,R021,Home,318424.82,43600.64
TAR000663,2025-02-01,R021,Fashion,569720.65,110303.89
TAR000664,2025-02-01,R021,Beauty,516945.34,90732.99
TAR000665,2025-02-01,R021,Sports,200094.49,50392.26
TAR000666,2025-02-01,R011,Electronics,393853.77,122627.78
TAR000667,2025-02-01,R011,Home,190027.66,110452.02
TAR000668,2025-02-01,R011,Fashion,596918.15,71515.07
TAR000669,2025-02-01,R011,Beauty,511712.28,93408.27
TAR000670,2025-02-01,R011,Sports,465537.93,31637.74
TAR000671,2025-02-01,R005,Electronics,311370.9,128128.67
TAR000672,2025-02-01,R005,Home,525058.67,38945.21
TAR000673,2025-02-01,R005,Fashion,682861.04,35603.05
TAR000674,2025-02-01,R005,Beauty,220048.49,127156.9
TAR000675,2025-02-01,R005,Sports,213418.2,110462.38
TAR000676,2025-02-01,R025,Electronics,285979.47,91772.3
TAR000677,2025-02-01,R025,Home,548217.99,111909.13
TAR000678,2025-02-01,R025,Fashion,463775.0,88966.6
TAR000679,2025-02-01,R025,Beauty,306408.09,49061.91
TAR000680,2025-02-01,R025,Sports,509257.44,120025.86
TAR000681,2025-02-01,R019,Electronics,175566.27,123471.32
TAR000682,2025-02-01,R019,Home,597577.71,118698.15
TAR000683,2025-02-01,R019,Fashion,393846.05,72982.14
TAR000684,2025-02-01,R019,Beauty,207130.7,110449.29
TAR000685,2025-02-01,R019,Sports,462287.62,114652.02
TAR000686,2025-02-01,R007,Electronics,294891.61,49552.41
TAR000687,2025-02-01,R007,Home,247693.5,116841.62
TAR000688,2025-02-01,R007,Fashion,672592.06,93550.18
TAR000689,2025-02-01,R007,Beauty,462235.2,122641.7
TAR000690,2025-02-01,R007,Sports,479106.41,56178.3
TAR000691,2025-02-01,R004,Electronics,269943.21,36686.37
TAR000692,2025-02-01,R004,Home,495096.13,96529.84
TAR000693,2025-02-01,R004,Fashion,450269.68,98288.57
TAR000694,2025-02-01,R004,Beauty,298841.93,127496.92
TAR000695,2025-02-01,R004,Sports,414747.04,79957.79
TAR000696,2025-02-01,R014,Electronics,373427.62,85947.43
TAR000697,2025-02-01,R014,Home,611790.67,123724.05
TAR000698,2025-02-01,R014,Fashion,283900.38,123405.19
TAR000699,2025-02-01,R014,Beauty,676376.12,119409.26
TAR000700,2025-02-01,R014,Sports,596408.85,59716.94
TAR000701,2025-03-01,R005,Electronics,334755.35,86346.39
TAR000702,2025-03-01,R005,Home,539843.36,39014.84
TAR000703,2025-03-01,R005,Fashion,298643.78,56159.33
TAR000704,2025-03-01,R005,Beauty,460656.41,80588.34
TAR000705,2025-03-01,R005,Sports,573876.49,65189.69
TAR000706,2025-03-01,R006,Electronics,243250.98,49240.14
TAR000707,2025-03-01,R006,Home,586398.28,120026.67
TAR000708,2025-03-01,R006,Fashion,675150.06,85905.02
TAR000709,2025-03-01,R006,Beauty,298498.23,68752.14
TAR000710,2025-03-01,R006,Sports,274092.6,98662.5
TAR000711,2025-03-01,R009,Electronics,580346.66,90192.02
TAR000712,2025-03-01,R009,Home,413416.92,63286.3
TAR000713,2025-03-01,R009,Fashion,508571.69,113059.47
TAR000714,2025-03-01,R009,Beauty,656386.8,28673.71
TAR000715,2025-03-01,R009,Sports,621508.86,93917.58
TAR000716,2025-03-01,R011,Electronics,457613.22,126805.75
TAR000717,2025-03-01,R011,Home,348017.2,38380.18
TAR000718,2025-03-01,R011,Fashion,457481.24,55165.41
TAR000719,2025-03-01,R011,Beauty,248435.02,106172.59
TAR000720,2025-03-01,R011,Sports,520615.08,89946.0
TAR000721,2025-03-01,R014,Electronics,167388.08,43628.7
TAR000722,2025-03-01,R014,Home,419141.27,114321.69
TAR000723,2025-03-01,R014,Fashion,683501.09,97613.68
TAR000724,2025-03-01,R014,Beauty,693493.5,100800.34
TAR000725,2025-03-01,R014,Sports,157340.49,34734.97
TAR000726,2025-03-01,R002,Electronics,655611.86,129547.14
TAR000727,2025-03-01,R002,Home,206694.21,126142.07
TAR000728,2025-03-01,R002,Fashion,522630.89,47359.77
TAR000729,2025-03-01,R002,Beauty,277048.95,87736.24
TAR000730,2025-03-01,R002,Sports,325319.51,96891.93
TAR000731,2025-03-01,R016,Electronics,516953.72,100632.59
TAR000732,2025-03-01,R016,Home,179605.25,79683.09
TAR000733,2025-03-01,R016,Fashion,645353.08,66769.52
TAR000734,2025-03-01,R016,Beauty,299496.19,44255.53
TAR000735,2025-03-01,R016,Sports,153054.93,74117.35
TAR000736,2025-03-01,R010,Electronics,510506.49,71142.71
TAR000737,2025-03-01,R010,Home,254120.42,35267.97
TAR000738,2025-03-01,R010,Fashion,559237.33,99432.7
TAR000739,2025-03-01,R010,Beauty,253586.12,48166.29
TAR000740,2025-03-01,R010,Sports,568054.45,36913.7
TAR000741,2025-03-01,R019,Electronics,227581.31,102067.39
TAR000742,2025-03-01,R019,Home,436937.33,113412.36
TAR000743,2025-03-01,R019,Fashion,530800.59,96899.41
TAR000744,2025-03-01,R019,Beauty,268428.05,100607.11
TAR000745,2025-03-01,R019,Sports,208505.65,63528.01
TAR000746,2025-03-01,R022,Electronics,406176.1,112676.69
TAR000747,2025-03-01,R022,Home,192895.26,101886.62
TAR000748,2025-03-01,R022,Fashion,158401.26,112663.05
TAR000749,2025-03-01,R022,Beauty,519935.57,70232.99
TAR000750,2025-03-01,R022,Sports,414068.15,86400.2
TAR000751,2025-04-01,R012,Electronics,167672.31,95156.53
TAR000752,2025-04-01,R012,Home,430280.59,89131.47
TAR000753,2025-04-01,R012,Fashion,391815.11,100835.52
TAR000754,2025-04-01,R012,Beauty,586360.07,97601.42
TAR000755,2025-04-01,R012,Sports,238159.96,26960.54
TAR000756,2025-04-01,R005,Electronics,214783.58,129053.33
TAR000757,2025-04-01,R005,Home,229309.31,58170.59
TAR000758,2025-04-01,R005,Fashion,276679.49,32637.45
TAR000759,2025-04-01,R005,Beauty,224752.69,66108.49
TAR000760,2025-04-01,R005,Sports,289365.85,41160.48
TAR000761,2025-04-01,R024,Electronics,456636.28,102517.42
TAR000762,2025-04-01,R024,Home,623817.4,60417.98
TAR000763,2025-04-01,R024,Fashion,363813.17,128981.87
TAR000764,2025-04-01,R024,Beauty,178543.0,32247.37
TAR000765,2025-04-01,R024,Sports,220138.37,58658.52
TAR000766,2025-04-01,R021,Electronics,523008.0,81796.08
TAR000767,2025-04-01,R021,Home,276684.8,127761.67
TAR000768,2025-04-01,R021,Fashion,549974.84,27182.01
TAR000769,2025-04-01,R021,Beauty,288779.57,37211.05
TAR000770,2025-04-01,R021,Sports,274353.68,75187.44
TAR000771,2025-04-01,R022,Electronics,649343.85,47263.92
TAR000772,2025-04-01,R022,Home,337087.92,79662.89
TAR000773,2025-04-01,R022,Fashion,273812.13,46469.14
TAR000774,2025-04-01,R022,Beauty,168737.28,121911.19
TAR000775,2025-04-01,R022,Sports,650316.49,103048.8
TAR000776,2025-04-01,R015,Electronics,254328.88,89139.74
TAR000777,2025-04-01,R015,Home,403333.17,92711.54
TAR000778,2025-04-01,R015,Fashion,663695.2,81736.62
TAR000779,2025-04-01,R015,Beauty,288337.49,29312.4
TAR000780,2025-04-01,R015,Sports,175900.68,98538.48
TAR000781,2025-04-01,R009,Electronics,356321.46,110317.93
TAR000782,2025-04-01,R009,Home,497708.87,94189.29
TAR000783,2025-04-01,R009,Fashion,201928.79,104438.3
TAR000784,2025-04-01,R009,Beauty,444738.28,114872.55
TAR000785,2025-04-01,R009,Sports,660043.64,129436.39
TAR000786,2025-04-01,R010,Electronics,169084.46,61517.44
TAR000787,2025-04-01,R010,Home,459356.47,32669.71
TAR000788,2025-04-01,R010,Fashion,698865.36,56848.47
TAR000789,2025-04-01,R010,Beauty,559370.5,27330.99
TAR000790,2025-04-01,R010,Sports,272873.03,69929.18
TAR000791,2025-04-01,R014,Electronics,691006.69,111386.63
TAR000792,2025-04-01,R014,Home,496400.01,99236.0
TAR000793,2025-04-01,R014,Fashion,188635.8,56156.26
TAR000794,2025-04-01,R014,Beauty,570272.15,80346.78
TAR000795,2025-04-01,R014,Sports,201923.07,99060.84
TAR000796,2025-04-01,R007,Electronics,292022.7,54127.45
TAR000797,2025-04-01,R007,Home,303108.2,82164.34
TAR000798,2025-04-01,R007,Fashion,201980.25,102392.75
TAR000799,2025-04-01,R007,Beauty,237458.46,90865.81
TAR000800,2025-04-01,R007,Sports,640428.96,107204.03
TAR000801,2025-05-01,R022,Electronics,356819.53,105881.68
TAR000802,2025-05-01,R022,Home,230334.6,54417.4
TAR000803,2025-05-01,R022,Fashion,639691.75,108571.06
TAR000804,2025-05-01,R022,Beauty,583825.85,74776.74
TAR000805,2025-05-01,R022,Sports,305779.08,73803.09
TAR000806,2025-05-01,R007,Electronics,585059.36,45652.19
TAR000807,2025-05-01,R007,Home,594456.04,43481.72
TAR000808,2025-05-01,R007,Fashion,495077.79,88497.77
TAR000809,2025-05-01,R007,Beauty,322876.61,34592.34
TAR000810,2025-05-01,R007,Sports,617699.84,110169.06
TAR000811,2025-05-01,R012,Electronics,287781.41,74677.15
TAR000812,2025-05-01,R012,Home,475049.37,87760.08
TAR000813,2025-05-01,R012,Fashion,282379.01,116739.99
TAR000814,2025-05-01,R012,Beauty,367214.83,93829.04
TAR000815,2025-05-01,R012,Sports,349242.23,101789.27
TAR000816,2025-05-01,R015,Electronics,494205.32,112443.18
TAR000817,2025-05-01,R015,Home,305439.77,95373.61
TAR000818,2025-05-01,R015,Fashion,153897.7,78858.81
TAR000819,2025-05-01,R015,Beauty,397986.49,101679.78
TAR000820,2025-05-01,R015,Sports,204432.11,50421.11
TAR000821,2025-05-01,R004,Electronics,535237.19,123281.43
TAR000822,2025-05-01,R004,Home,599145.44,129755.86
TAR000823,2025-05-01,R004,Fashion,523058.54,79747.91
TAR000824,2025-05-01,R004,Beauty,184496.71,45817.56
TAR000825,2025-05-01,R004,Sports,544109.73,127835.37
TAR000826,2025-05-01,R019,Electronics,192874.26,85302.17
TAR000827,2025-05-01,R019,Home,521660.47,77264.64
TAR000828,2025-05-01,R019,Fashion,241630.67,70452.93
TAR000829,2025-05-01,R019,Beauty,345796.82,91043.28
TAR000830,2025-05-01,R019,Sports,261279.36,45309.47
TAR000831,2025-05-01,R008,Electronics,150866.92,52779.67
TAR000832,2025-05-01,R008,Home,472831.7,107162.05
TAR000833,2025-05-01,R008,Fashion,181803.41,93008.38
TAR000834,2025-05-01,R008,Beauty,298835.16,46256.81
TAR000835,2025-05-01,R008,Sports,621442.52,48769.41
TAR000836,2025-05-01,R005,Electronics,502769.1,91473.1
TAR000837,2025-05-01,R005,Home,521670.65,101614.7
TAR000838,2025-05-01,R005,Fashion,595516.13,95650.49
TAR000839,2025-05-01,R005,Beauty,339550.57,82833.64
TAR000840,2025-05-01,R005,Sports,407269.59,55815.03
TAR000841,2025-05-01,R017,Electronics,302058.27,27820.47
TAR000842,2025-05-01,R017,Home,348630.63,66600.62
TAR000843,2025-05-01,R017,Fashion,639477.7,101145.35
TAR000844,2025-05-01,R017,Beauty,346355.66,98270.2
TAR000845,2025-05-01,R017,Sports,324424.93,46094.7
TAR000846,2025-05-01,R001,Electronics,618571.78,28756.76
TAR000847,2025-05-01,R001,Home,257783.85,65129.77
TAR000848,2025-05-01,R001,Fashion,323765.07,42041.88
TAR000849,2025-05-01,R001,Beauty,165729.61,66122.78
TAR000850,2025-05-01,R001,Sports,663201.24,61738.83
TAR000851,2025-06-01,R016,Electronics,498208.59,95993.91
TAR000852,2025-06-01,R016,Home,402243.14,68968.11
TAR000853,2025-06-01,R016,Fashion,490715.95,95921.36
TAR000854,2025-06-01,R016,Beauty,491598.13,123205.16
TAR000855,2025-06-01,R016,Sports,667664.22,44954.46
TAR000856,2025-06-01,R023,Electronics,155026.57,114981.82
TAR000857,2025-06-01,R023,Home,639233.02,47709.8
TAR000858,2025-06-01,R023,Fashion,697492.03,93935.53
TAR000859,2025-06-01,R023,Beauty,335047.24,126635.44
TAR000860,2025-06-01,R023,Sports,202319.45,35635.98
TAR000861,2025-06-01,R025,Electronics,513863.53,100167.06
TAR000862,2025-06-01,R025,Home,587129.43,90852.02
TAR000863,2025-06-01,R025,Fashion,373473.54,62126.1
TAR000864,2025-06-01,R025,Beauty,366137.82,98221.3
TAR000865,2025-06-01,R025,Sports,679238.29,102668.55
TAR000866,2025-06-01,R009,Electronics,651785.11,54371.39
TAR000867,2025-06-01,R009,Home,564313.16,111075.61
TAR000868,2025-06-01,R009,Fashion,661890.36,94000.51
TAR000869,2025-06-01,R009,Beauty,459433.4,113602.9
TAR000870,2025-06-01,R009,Sports,696012.57,69337.41
TAR000871,2025-06-01,R022,Electronics,157979.35,53665.48
TAR000872,2025-06-01,R022,Home,185360.08,91635.7
TAR000873,2025-06-01,R022,Fashion,167828.48,83579.62
TAR000874,2025-06-01,R022,Beauty,580332.49,52618.94
TAR000875,2025-06-01,R022,Sports,196789.03,37325.64
TAR000876,2025-06-01,R003,Electronics,571793.09,117067.78
TAR000877,2025-06-01,R003,Home,560255.33,98265.24
TAR000878,2025-06-01,R003,Fashion,161429.65,68202.72
TAR000879,2025-06-01,R003,Beauty,188467.07,106007.39
TAR000880,2025-06-01,R003,Sports,475712.28,61829.9
TAR000881,2025-06-01,R004,Electronics,383500.81,118360.95
TAR000882,2025-06-01,R004,Home,259227.5,124555.61
TAR000883,2025-06-01,R004,Fashion,369738.07,36286.82
TAR000884,2025-06-01,R004,Beauty,160681.32,60695.93
TAR000885,2025-06-01,R004,Sports,246606.46,34750.64
TAR000886,2025-06-01,R005,Electronics,479599.06,66469.08
TAR000887,2025-06-01,R005,Home,408093.01,71486.42
TAR000888,2025-06-01,R005,Fashion,196912.47,129321.73
TAR000889,2025-06-01,R005,Beauty,337160.89,78064.04
TAR000890,2025-06-01,R005,Sports,655262.36,110245.04
TAR000891,2025-06-01,R002,Electronics,416101.25,89112.29
TAR000892,2025-06-01,R002,Home,203884.38,96593.87
TAR000893,2025-06-01,R002,Fashion,690193.85,46144.22
TAR000894,2025-06-01,R002,Beauty,684644.12,53269.14
TAR000895,2025-06-01,R002,Sports,437193.42,98571.12
TAR000896,2025-06-01,R008,Electronics,518227.38,79646.07
TAR000897,2025-06-01,R008,Home,430609.91,70173.27
TAR000898,2025-06-01,R008,Fashion,243941.2,26712.73
TAR000899,2025-06-01,R008,Beauty,540106.78,105784.3
TAR000900,2025-06-01,R008,Sports,621963.57,103635.47
TAR000901,2025-07-01,R017,Electronics,250060.57,95213.1
TAR000902,2025-07-01,R017,Home,244833.98,49933.55
TAR000903,2025-07-01,R017,Fashion,332841.12,128834.7
TAR000904,2025-07-01,R017,Beauty,502556.94,88994.8
TAR000905,2025-07-01,R017,Sports,178673.02,72322.13
TAR000906,2025-07-01,R001,Electronics,225868.34,51907.83
TAR000907,2025-07-01,R001,Home,322130.73,81471.14
TAR000908,2025-07-01,R001,Fashion,637161.92,73574.79
TAR000909,2025-07-01,R001,Beauty,416276.83,74085.66
TAR000910,2025-07-01,R001,Sports,498213.33,73086.89
TAR000911,2025-07-01,R011,Electronics,302153.43,56693.67
TAR000912,2025-07-01,R011,Home,166613.12,64991.08
TAR000913,2025-07-01,R011,Fashion,641955.91,114214.63
TAR000914,2025-07-01,R011,Beauty,677876.92,104045.04
TAR000915,2025-07-01,R011,Sports,692768.34,25817.31
TAR000916,2025-07-01,R010,Electronics,237209.14,49595.29
TAR000917,2025-07-01,R010,Home,458014.54,74625.69
TAR000918,2025-07-01,R010,Fashion,187624.0,122315.67
TAR000919,2025-07-01,R010,Beauty,635750.89,38885.52
TAR000920,2025-07-01,R010,Sports,668610.45,51485.43
TAR000921,2025-07-01,R022,Electronics,514349.97,85689.03
TAR000922,2025-07-01,R022,Home,694020.45,80663.11
TAR000923,2025-07-01,R022,Fashion,489462.28,26201.7
TAR000924,2025-07-01,R022,Beauty,599138.21,119936.15
TAR000925,2025-07-01,R022,Sports,535493.31,97006.68
TAR000926,2025-07-01,R018,Electronics,194373.67,43300.52
TAR000927,2025-07-01,R018,Home,282099.64,71952.96
TAR000928,2025-07-01,R018,Fashion,168702.54,45700.94
TAR000929,2025-07-01,R018,Beauty,543152.59,72762.09
TAR000930,2025-07-01,R018,Sports,450696.23,94966.23
TAR000931,2025-07-01,R005,Electronics,507561.55,55571.43
TAR000932,2025-07-01,R005,Home,634931.31,115665.59
TAR000933,2025-07-01,R005,Fashion,584191.15,34451.83
TAR000934,2025-07-01,R005,Beauty,222780.09,119641.92
TAR000935,2025-07-01,R005,Sports,658230.46,94215.3
TAR000936,2025-07-01,R021,Electronics,254435.89,75897.72
TAR000937,2025-07-01,R021,Home,678422.99,84814.51
TAR000938,2025-07-01,R021,Fashion,560583.27,49304.91
TAR000939,2025-07-01,R021,Beauty,597085.75,54303.02
TAR000940,2025-07-01,R021,Sports,291811.98,116108.02
TAR000941,2025-07-01,R025,Electronics,178713.76,124047.64
TAR000942,2025-07-01,R025,Home,247963.18,50515.67
TAR000943,2025-07-01,R025,Fashion,458496.67,113707.13
TAR000944,2025-07-01,R025,Beauty,482892.0,62240.97
TAR000945,2025-07-01,R025,Sports,383015.46,72442.31
TAR000946,2025-07-01,R016,Electronics,602059.62,56427.57
TAR000947,2025-07-01,R016,Home,667821.49,88303.45
TAR000948,2025-07-01,R016,Fashion,150583.59,41314.3
TAR000949,2025-07-01,R016,Beauty,305656.47,79139.41
TAR000950,2025-07-01,R016,Sports,187364.32,92333.44
TAR000951,2025-08-01,R009,Electronics,501333.44,104336.12
TAR000952,2025-08-01,R009,Home,432832.28,44516.61
TAR000953,2025-08-01,R009,Fashion,502498.61,112556.88
TAR000954,2025-08-01,R009,Beauty,369457.64,25617.11
TAR000955,2025-08-01,R009,Sports,212049.16,92232.48
TAR000956,2025-08-01,R001,Electronics,477862.25,47450.54
TAR000957,2025-08-01,R001,Home,617426.51,28784.74
TAR000958,2025-08-01,R001,Fashion,641057.85,35374.82
TAR000959,2025-08-01,R001,Beauty,616192.79,66993.92
TAR000960,2025-08-01,R001,Sports,231433.75,87227.59
TAR000961,2025-08-01,R024,Electronics,401753.74,34059.89
TAR000962,2025-08-01,R024,Home,580026.5,88170.62
TAR000963,2025-08-01,R024,Fashion,639763.21,36141.72
TAR000964,2025-08-01,R024,Beauty,606293.78,74055.19
TAR000965,2025-08-01,R024,Sports,275803.31,111868.11
TAR000966,2025-08-01,R006,Electronics,300464.2,28453.7
TAR000967,2025-08-01,R006,Home,505990.77,106044.0
TAR000968,2025-08-01,R006,Fashion,671120.75,127264.9
TAR000969,2025-08-01,R006,Beauty,152740.6,119575.54
TAR000970,2025-08-01,R006,Sports,535994.16,119013.98
TAR000971,2025-08-01,R017,Electronics,665285.74,43178.79
TAR000972,2025-08-01,R017,Home,308552.87,78066.09
TAR000973,2025-08-01,R017,Fashion,220522.74,85571.28
TAR000974,2025-08-01,R017,Beauty,284746.0,73870.46
TAR000975,2025-08-01,R017,Sports,452017.46,29667.54
TAR000976,2025-08-01,R013,Electronics,360480.39,40617.63
TAR000977,2025-08-01,R013,Home,570588.89,54026.36
TAR000978,2025-08-01,R013,Fashion,449220.68,108386.96
TAR000979,2025-08-01,R013,Beauty,340077.12,35102.66
TAR000980,2025-08-01,R013,Sports,317535.59,48108.47
TAR000981,2025-08-01,R019,Electronics,351323.0,79064.45
TAR000982,2025-08-01,R019,Home,352131.5,37587.52
TAR000983,2025-08-01,R019,Fashion,195684.31,36629.44
TAR000984,2025-08-01,R019,Beauty,672794.44,79724.31
TAR000985,2025-08-01,R019,Sports,559006.02,72602.72
TAR000986,2025-08-01,R005,Electronics,409033.56,109363.96
TAR000987,2025-08-01,R005,Home,279624.79,77190.13
TAR000988,2025-08-01,R005,Fashion,410105.48,90703.69
TAR000989,2025-08-01,R005,Beauty,259030.52,31217.1
TAR000990,2025-08-01,R005,Sports,422950.71,63018.69
TAR000991,2025-08-01,R007,Electronics,437032.06,86686.0
TAR000992,2025-08-01,R007,Home,680813.38,91606.28
TAR000993,2025-08-01,R007,Fashion,568620.08,122265.64
TAR000994,2025-08-01,R007,Beauty,524872.18,106067.26
TAR000995,2025-08-01,R007,Sports,566930.28,26157.5
TAR000996,2025-08-01,R012,Electronics,290365.08,64698.46
TAR000997,2025-08-01,R012,Home,679832.36,79853.83
TAR000998,2025-08-01,R012,Fashion,249133.93,126925.99
TAR000999,2025-08-01,R012,Beauty,209494.89,53425.68
TAR001000,2025-08-01,R012,Sports,643440.11,65132.47
TAR001001,2025-09-01,R002,Electronics,601290.69,83472.51
TAR001002,2025-09-01,R002,Home,155230.69,93354.13
TAR001003,2025-09-01,R002,Fashion,541885.02,32702.59
TAR001004,2025-09-01,R002,Beauty,185954.66,106210.95
TAR001005,2025-09-01,R002,Sports,536811.12,81636.43
TAR001006,2025-09-01,R001,Electronics,479670.03,103119.29
TAR001007,2025-09-01,R001,Home,534604.5,49513.23
TAR001008,2025-09-01,R001,Fashion,405940.89,112932.45
TAR001009,2025-09-01,R001,Beauty,442875.54,104693.68
TAR001010,2025-09-01,R001,Sports,495483.24,70940.83
TAR001011,2025-09-01,R019,Electronics,354015.02,31254.88
TAR001012,2025-09-01,R019,Home,565010.35,35837.02
TAR001013,2025-09-01,R019,Fashion,602388.72,35493.85
TAR001014,2025-09-01,R019,Beauty,635218.45,75631.7
TAR001015,2025-09-01,R019,Sports,488203.82,56129.75
TAR001016,2025-09-01,R013,Electronics,279759.23,62020.31
TAR001017,2025-09-01,R013,Home,504227.2,127219.39
TAR001018,2025-09-01,R013,Fashion,275659.35,65628.25
TAR001019,2025-09-01,R013,Beauty,199360.89,119137.67
TAR001020,2025-09-01,R013,Sports,692220.31,41381.02
TAR001021,2025-09-01,R018,Electronics,371647.73,60010.47
TAR001022,2025-09-01,R018,Home,248920.01,54499.42
TAR001023,2025-09-01,R018,Fashion,271546.73,114081.46
TAR001024,2025-09-01,R018,Beauty,407829.9,103682.95
TAR001025,2025-09-01,R018,Sports,357540.58,104272.57
TAR001026,2025-09-01,R011,Electronics,236398.37,99800.49
TAR001027,2025-09-01,R011,Home,695878.07,52625.51
TAR001028,2025-09-01,R011,Fashion,631144.61,104401.75
TAR001029,2025-09-01,R011,Beauty,454208.4,80342.88
TAR001030,2025-09-01,R011,Sports,256398.02,34848.99
TAR001031,2025-09-01,R012,Electronics,425105.46,31477.42
TAR001032,2025-09-01,R012,Home,584624.75,116737.98
TAR001033,2025-09-01,R012,Fashion,424659.59,126709.3
TAR001034,2025-09-01,R012,Beauty,343929.46,58362.73
TAR001035,2025-09-01,R012,Sports,296125.32,103840.19
TAR001036,2025-09-01,R010,Electronics,289418.67,81922.35
TAR001037,2025-09-01,R010,Home,411547.44,96983.81
TAR001038,2025-09-01,R010,Fashion,175756.51,56325.29
TAR001039,2025-09-01,R010,Beauty,321892.33,84408.74
TAR001040,2025-09-01,R010,Sports,369130.13,36558.8
TAR001041,2025-09-01,R003,Electronics,310398.1,116814.06
TAR001042,2025-09-01,R003,Home,593296.22,57755.56
TAR001043,2025-09-01,R003,Fashion,272169.82,50673.76
TAR001044,2025-09-01,R003,Beauty,537314.56,35263.7
TAR001045,2025-09-01,R003,Sports,362196.89,111379.88
TAR001046,2025-09-01,R015,Electronics,366829.07,64553.02
TAR001047,2025-09-01,R015,Home,444716.8,52214.93
TAR001048,2025-09-01,R015,Fashion,536804.57,105552.08
TAR001049,2025-09-01,R015,Beauty,678455.47,27936.68
TAR001050,2025-09-01,R015,Sports,157435.22,74188.21
TAR001051,2025-10-01,R019,Electronics,475259.68,97621.27
TAR001052,2025-10-01,R019,Home,156976.46,76003.83
TAR001053,2025-10-01,R019,Fashion,446711.53,84333.1
TAR001054,2025-10-01,R019,Beauty,323413.77,54543.8
TAR001055,2025-10-01,R019,Sports,195462.43,86929.64
TAR001056,2025-10-01,R014,Electronics,325545.69,92948.58
TAR001057,2025-10-01,R014,Home,297330.57,94627.18
TAR001058,2025-10-01,R014,Fashion,182532.28,76985.78
TAR001059,2025-10-01,R014,Beauty,625456.5,28092.08
TAR001060,2025-10-01,R014,Sports,245033.32,106561.62
TAR001061,2025-10-01,R008,Electronics,373488.62,93778.71
TAR001062,2025-10-01,R008,Home,535456.95,32201.08
TAR001063,2025-10-01,R008,Fashion,319635.24,128911.32
TAR001064,2025-10-01,R008,Beauty,475806.9,121657.06
TAR001065,2025-10-01,R008,Sports,261683.88,27019.76
TAR001066,2025-10-01,R022,Electronics,380538.28,91521.84
TAR001067,2025-10-01,R022,Home,231302.87,104952.64
TAR001068,2025-10-01,R022,Fashion,278188.1,103822.8
TAR001069,2025-10-01,R022,Beauty,248778.32,61866.44
TAR001070,2025-10-01,R022,Sports,697598.33,36398.86
TAR001071,2025-10-01,R013,Electronics,302194.22,43576.59
TAR001072,2025-10-01,R013,Home,597744.69,50615.55
TAR001073,2025-10-01,R013,Fashion,207287.33,57644.04
TAR001074,2025-10-01,R013,Beauty,432395.68,51657.48
TAR001075,2025-10-01,R013,Sports,697278.9,25445.6
TAR001076,2025-10-01,R009,Electronics,224072.42,84992.11
TAR001077,2025-10-01,R009,Home,302432.01,70633.83
TAR001078,2025-10-01,R009,Fashion,172664.8,84786.97
TAR001079,2025-10-01,R009,Beauty,373499.7,72816.81
TAR001080,2025-10-01,R009,Sports,295217.35,40565.09
TAR001081,2025-10-01,R020,Electronics,496108.1,83518.82
TAR001082,2025-10-01,R020,Home,369899.68,83104.11
TAR001083,2025-10-01,R020,Fashion,497908.7,106380.82
TAR001084,2025-10-01,R020,Beauty,157129.99,87671.09
TAR001085,2025-10-01,R020,Sports,463360.83,88731.82
TAR001086,2025-10-01,R007,Electronics,613403.83,93496.86
TAR001087,2025-10-01,R007,Home,263492.48,67866.6
TAR001088,2025-10-01,R007,Fashion,162099.38,115959.05
TAR001089,2025-10-01,R007,Beauty,433923.04,84063.27
TAR001090,2025-10-01,R007,Sports,530478.48,93245.73
TAR001091,2025-10-01,R001,Electronics,276658.54,60722.67
TAR001092,2025-10-01,R001,Home,395496.76,98087.85
TAR001093,2025-10-01,R001,Fashion,258131.62,58767.49
TAR001094,2025-10-01,R001,Beauty,304659.06,91111.11
TAR001095,2025-10-01,R001,Sports,224850.58,38282.28
TAR001096,2025-10-01,R021,Electronics,518110.65,127401.36
TAR001097,2025-10-01,R021,Home,633664.69,90717.3
TAR001098,2025-10-01,R021,Fashion,335411.6,89736.72
TAR001099,2025-10-01,R021,Beauty,670211.28,60988.19
TAR001100,2025-10-01,R021,Sports,660054.57,25868.57
TAR001101,2025-11-01,R013,Electronics,230360.54,125433.84
TAR001102,2025-11-01,R013,Home,491493.74,100918.69
TAR001103,2025-11-01,R013,Fashion,450030.42,27425.62
TAR001104,2025-11-01,R013,Beauty,333855.74,107805.25
TAR001105,2025-11-01,R013,Sports,367857.15,62033.4
TAR001106,2025-11-01,R018,Electronics,667238.56,48231.33
TAR001107,2025-11-01,R018,Home,369423.51,47425.89
TAR001108,2025-11-01,R018,Fashion,257794.11,88412.41
TAR001109,2025-11-01,R018,Beauty,341260.9,66775.24
TAR001110,2025-11-01,R018,Sports,438850.76,62618.22
TAR001111,2025-11-01,R024,Electronics,570648.59,44568.99
TAR001112,2025-11-01,R024,Home,662481.21,120895.1
TAR001113,2025-11-01,R024,Fashion,498118.45,105440.38
TAR001114,2025-11-01,R024,Beauty,231590.05,104313.29
TAR001115,2025-11-01,R024,Sports,525259.71,70041.58
TAR001116,2025-11-01,R001,Electronics,456535.29,34550.86
TAR001117,2025-11-01,R001,Home,224632.72,108262.3
TAR001118,2025-11-01,R001,Fashion,631412.03,73251.51
TAR001119,2025-11-01,R001,Beauty,203799.05,97387.44
TAR001120,2025-11-01,R001,Sports,534963.06,63140.73
TAR001121,2025-11-01,R006,Electronics,235372.24,45103.96
TAR001122,2025-11-01,R006,Home,507212.58,72179.06
TAR001123,2025-11-01,R006,Fashion,372871.68,87736.57
TAR001124,2025-11-01,R006,Beauty,234438.59,41785.24
TAR001125,2025-11-01,R006,Sports,492020.91,46686.27
TAR001126,2025-11-01,R010,Electronics,453378.5,90271.81
TAR001127,2025-11-01,R010,Home,182017.27,64306.02
TAR001128,2025-11-01,R010,Fashion,194360.72,64877.58
TAR001129,2025-11-01,R010,Beauty,599576.4,94180.28
TAR001130,2025-11-01,R010,Sports,303013.98,111587.75
TAR001131,2025-11-01,R017,Electronics,583181.34,108608.75
TAR001132,2025-11-01,R017,Home,412959.56,77511.31
TAR001133,2025-11-01,R017,Fashion,420706.48,27437.23
TAR001134,2025-11-01,R017,Beauty,518180.23,49469.82
TAR001135,2025-11-01,R017,Sports,394377.01,45755.48
TAR001136,2025-11-01,R020,Electronics,364526.9,101711.69
TAR001137,2025-11-01,R020,Home,167063.46,106910.34
TAR001138,2025-11-01,R020,Fashion,691033.33,68300.14
TAR001139,2025-11-01,R020,Beauty,580579.17,47857.68
TAR001140,2025-11-01,R020,Sports,426448.42,39267.73
TAR001141,2025-11-01,R002,Electronics,162635.37,88393.28
TAR001142,2025-11-01,R002,Home,242615.26,120658.27
TAR001143,2025-11-01,R002,Fashion,202608.87,39109.17
TAR001144,2025-11-01,R002,Beauty,580506.19,70010.42
TAR001145,2025-11-01,R002,Sports,692969.17,99009.49
TAR001146,2025-11-01,R005,Electronics,544298.63,83115.77
TAR001147,2025-11-01,R005,Home,438494.2,106895.05
TAR001148,2025-11-01,R005,Fashion,239084.46,86312.55
TAR001149,2025-11-01,R005,Beauty,202877.39,94612.73
TAR001150,2025-11-01,R005,Sports,444000.32,82666.03
TAR001151,2025-12-01,R011,Electronics,452242.51,33280.08
TAR001152,2025-12-01,R011,Home,171692.23,46183.46
TAR001153,2025-12-01,R011,Fashion,634187.57,35889.51
TAR001154,2025-12-01,R011,Beauty,419579.78,35351.17
TAR001155,2025-12-01,R011,Sports,349020.72,71369.5
TAR001156,2025-12-01,R010,Electronics,150686.72,107694.56
TAR001157,2025-12-01,R010,Home,419124.08,52841.07
TAR001158,2025-12-01,R010,Fashion,346654.63,62697.15
TAR001159,2025-12-01,R010,Beauty,218866.01,25528.49
TAR001160,2025-12-01,R010,Sports,650409.91,34255.48
TAR001161,2025-12-01,R001,Electronics,505619.15,61760.42
TAR001162,2025-12-01,R001,Home,507302.8,105156.33
TAR001163,2025-12-01,R001,Fashion,276620.73,62566.0
TAR001164,2025-12-01,R001,Beauty,641165.02,112522.37
TAR001165,2025-12-01,R001,Sports,635509.23,76479.35
TAR001166,2025-12-01,R009,Electronics,683370.33,28125.52
TAR001167,2025-12-01,R009,Home,496956.37,47141.08
TAR001168,2025-12-01,R009,Fashion,509745.5,95925.96
TAR001169,2025-12-01,R009,Beauty,436941.03,66226.18
TAR001170,2025-12-01,R009,Sports,358397.79,128462.98
TAR001171,2025-12-01,R012,Electronics,653805.81,129152.51
TAR001172,2025-12-01,R012,Home,243346.41,86233.46
TAR001173,2025-12-01,R012,Fashion,344509.3,37946.64
TAR001174,2025-12-01,R012,Beauty,394205.52,65667.98
TAR001175,2025-12-01,R012,Sports,684448.76,54641.45
TAR001176,2025-12-01,R024,Electronics,233982.79,25761.46
TAR001177,2025-12-01,R024,Home,365336.44,70395.42
TAR001178,2025-12-01,R024,Fashion,177233.67,31651.05
TAR001179,2025-12-01,R024,Beauty,635881.44,71309.89
TAR001180,2025-12-01,R024,Sports,198774.9,129755.41
TAR001181,2025-12-01,R016,Electronics,554158.26,128871.11
TAR001182,2025-12-01,R016,Home,213431.76,87526.8
TAR001183,2025-12-01,R016,Fashion,195870.19,116902.37
TAR001184,2025-12-01,R016,Beauty,188678.55,103449.35
TAR001185,2025-12-01,R016,Sports,617629.96,111760.87
TAR001186,2025-12-01,R021,Electronics,282093.48,57845.28
TAR001187,2025-12-01,R021,Home,327330.67,25254.12
TAR001188,2025-12-01,R021,Fashion,479707.07,27847.61
TAR001189,2025-12-01,R021,Beauty,353718.88,109409.94
TAR001190,2025-12-01,R021,Sports,368264.18,41022.3
TAR001191,2025-12-01,R018,Electronics,495025.4,39045.49
TAR001192,2025-12-01,R018,Home,645302.47,99109.81
TAR001193,2025-12-01,R018,Fashion,184916.25,71614.5
TAR001194,2025-12-01,R018,Beauty,603862.72,90452.22
TAR001195,2025-12-01,R018,Sports,449778.74,126600.47
TAR001196,2025-12-01,R002,Electronics,540729.65,116574.31
TAR001197,2025-12-01,R002,Home,283981.92,98451.72
TAR001198,2025-12-01,R002,Fashion,690302.94,89432.56
TAR001199,2025-12-01,R002,Beauty,692412.46,120145.67
TAR001200,2025-12-01,R002,Sports,150485.84,43926.48
TAR001201,2026-01-01,R022,Electronics,401350.54,32063.42
TAR001202,2026-01-01,R022,Home,249745.63,115909.72
TAR001203,2026-01-01,R022,Fashion,520214.14,95961.05
TAR001204,2026-01-01,R022,Beauty,630248.32,79271.91
TAR001205,2026-01-01,R022,Sports,418174.45,32368.93
TAR001206,2026-01-01,R016,Electronics,648782.85,93220.96
TAR001207,2026-01-01,R016,Home,302305.41,122872.1
TAR001208,2026-01-01,R016,Fashion,257235.83,45031.4
TAR001209,2026-01-01,R016,Beauty,307139.98,92959.77
TAR001210,2026-01-01,R016,Sports,529071.47,75329.81
TAR001211,2026-01-01,R021,Electronics,393820.54,48358.34
TAR001212,2026-01-01,R021,Home,412227.49,95303.14
TAR001213,2026-01-01,R021,Fashion,483996.09,99656.34
TAR001214,2026-01-01,R021,Beauty,594627.36,49344.34
TAR001215,2026-01-01,R021,Sports,327248.54,71496.75
TAR001216,2026-01-01,R011,Electronics,568798.31,82375.36
TAR001217,2026-01-01,R011,Home,673329.86,115878.37
TAR001218,2026-01-01,R011,Fashion,500874.95,114455.72
TAR001219,2026-01-01,R011,Beauty,480182.8,27200.44
TAR001220,2026-01-01,R011,Sports,685144.26,64179.71
TAR001221,2026-01-01,R005,Electronics,465247.45,60273.02
TAR001222,2026-01-01,R005,Home,321187.02,107021.73
TAR001223,2026-01-01,R005,Fashion,411361.48,124503.9
TAR001224,2026-01-01,R005,Beauty,460657.06,58408.01
TAR001225,2026-01-01,R005,Sports,190849.64,110471.16
TAR001226,2026-01-01,R025,Electronics,580616.29,30454.06
TAR001227,2026-01-01,R025,Home,275699.41,107428.41
TAR001228,2026-01-01,R025,Fashion,687364.11,125567.84
TAR001229,2026-01-01,R025,Beauty,621679.31,115706.53
TAR001230,2026-01-01,R025,Sports,287030.59,65050.92
TAR001231,2026-01-01,R019,Electronics,571682.66,37393.24
TAR001232,2026-01-01,R019,Home,215782.96,70558.2
TAR001233,2026-01-01,R019,Fashion,475906.77,39250.33
TAR001234,2026-01-01,R019,Beauty,370831.34,86755.85
TAR001235,2026-01-01,R019,Sports,446619.35,71673.27
TAR001236,2026-01-01,R007,Electronics,522232.78,57646.2
TAR001237,2026-01-01,R007,Home,564333.1,88671.21
TAR001238,2026-01-01,R007,Fashion,439331.96,31367.7
TAR001239,2026-01-01,R007,Beauty,581272.33,114921.57
TAR001240,2026-01-01,R007,Sports,532692.13,43695.19
TAR001241,2026-01-01,R004,Electronics,435657.89,39101.49
TAR001242,2026-01-01,R004,Home,184253.61,129860.37
TAR001243,2026-01-01,R004,Fashion,175294.0,55788.4
TAR001244,2026-01-01,R004,Beauty,181167.74,85955.27
TAR001245,2026-01-01,R004,Sports,581192.24,87101.4
TAR001246,2026-01-01,R014,Electronics,488206.52,54393.18
TAR001247,2026-01-01,R014,Home,348967.8,37780.8
TAR001248,2026-01-01,R014,Fashion,407036.79,60376.28
TAR001249,2026-01-01,R014,Beauty,219822.88,114085.54
TAR001250,2026-01-01,R014,Sports,162954.04,105372.69
TAR001251,2026-02-01,R005,Electronics,256008.09,66284.54
TAR001252,2026-02-01,R005,Home,634766.68,116110.25
TAR001253,2026-02-01,R005,Fashion,241717.93,128121.04
TAR001254,2026-02-01,R005,Beauty,608294.75,46501.59
TAR001255,2026-02-01,R005,Sports,398833.5,44565.23
TAR001256,2026-02-01,R006,Electronics,265507.45,41026.11
TAR001257,2026-02-01,R006,Home,661657.49,71137.16
TAR001258,2026-02-01,R006,Fashion,518715.25,58765.77
TAR001259,2026-02-01,R006,Beauty,294433.86,81320.03
TAR001260,2026-02-01,R006,Sports,201542.2,84167.27
TAR001261,2026-02-01,R009,Electronics,319433.53,91260.75
TAR001262,2026-02-01,R009,Home,233832.17,120926.49
TAR001263,2026-02-01,R009,Fashion,201155.17,84235.16
TAR001264,2026-02-01,R009,Beauty,280880.61,94855.71
TAR001265,2026-02-01,R009,Sports,630543.35,25095.33
TAR001266,2026-02-01,R011,Electronics,215172.49,123186.74
TAR001267,2026-02-01,R011,Home,621284.28,88359.05
TAR001268,2026-02-01,R011,Fashion,585426.83,46355.66
TAR001269,2026-02-01,R011,Beauty,288069.85,65668.29
TAR001270,2026-02-01,R011,Sports,671634.49,76789.38
TAR001271,2026-02-01,R014,Electronics,491081.37,42669.45
TAR001272,2026-02-01,R014,Home,466243.83,97161.02
TAR001273,2026-02-01,R014,Fashion,321020.1,55322.21
TAR001274,2026-02-01,R014,Beauty,488393.4,66095.94
TAR001275,2026-02-01,R014,Sports,594784.97,93814.33
TAR001276,2026-02-01,R002,Electronics,335811.26,121784.22
TAR001277,2026-02-01,R002,Home,266057.84,113705.59
TAR001278,2026-02-01,R002,Fashion,388928.32,43606.94
TAR001279,2026-02-01,R002,Beauty,368223.77,96366.14
TAR001280,2026-02-01,R002,Sports,502163.69,47299.24
TAR001281,2026-02-01,R016,Electronics,460203.54,111916.39
TAR001282,2026-02-01,R016,Home,575764.58,89394.88
TAR001283,2026-02-01,R016,Fashion,653548.72,123674.85
TAR001284,2026-02-01,R016,Beauty,452157.16,119276.5
TAR001285,2026-02-01,R016,Sports,217738.75,75865.38
TAR001286,2026-02-01,R010,Electronics,360434.53,44046.39
TAR001287,2026-02-01,R010,Home,399060.72,71492.52
TAR001288,2026-02-01,R010,Fashion,349644.39,44937.31
TAR001289,2026-02-01,R010,Beauty,283802.69,75113.21
TAR001290,2026-02-01,R010,Sports,674451.12,125111.65
TAR001291,2026-02-01,R019,Electronics,174266.46,104449.53
TAR001292,2026-02-01,R019,Home,411713.45,123064.95
TAR001293,2026-02-01,R019,Fashion,382788.21,57680.4
TAR001294,2026-02-01,R019,Beauty,555640.58,82452.25
TAR001295,2026-02-01,R019,Sports,582323.05,59932.67
TAR001296,2026-02-01,R022,Electronics,170049.26,80976.31
TAR001297,2026-02-01,R022,Home,664798.72,125372.12
TAR001298,2026-02-01,R022,Fashion,168803.17,75905.86
TAR001299,2026-02-01,R022,Beauty,418139.47,32363.61
TAR001300,2026-02-01,R022,Sports,607640.68,108280.22
TAR001301,2026-03-01,R012,Electronics,641127.3,82178.38
TAR001302,2026-03-01,R012,Home,683441.86,69737.61
TAR001303,2026-03-01,R012,Fashion,349099.82,78075.35
TAR001304,2026-03-01,R012,Beauty,603348.94,47499.75
TAR001305,2026-03-01,R012,Sports,463947.47,78982.78
TAR001306,2026-03-01,R005,Electronics,587682.05,111566.08
TAR001307,2026-03-01,R005,Home,374434.15,64502.05
TAR001308,2026-03-01,R005,Fashion,628122.72,83894.59
TAR001309,2026-03-01,R005,Beauty,398354.44,39673.98
TAR001310,2026-03-01,R005,Sports,435782.18,49342.38
TAR001311,2026-03-01,R024,Electronics,164680.48,97144.9
TAR001312,2026-03-01,R024,Home,632209.74,115178.53
TAR001313,2026-03-01,R024,Fashion,277843.73,111059.7
TAR001314,2026-03-01,R024,Beauty,596605.74,92479.7
TAR001315,2026-03-01,R024,Sports,634922.94,38840.55
TAR001316,2026-03-01,R021,Electronics,440503.3,82524.45
TAR001317,2026-03-01,R021,Home,511244.91,34466.11
TAR001318,2026-03-01,R021,Fashion,366029.83,84162.81
TAR001319,2026-03-01,R021,Beauty,375553.55,114190.22
TAR001320,2026-03-01,R021,Sports,511783.56,93093.94
TAR001321,2026-03-01,R022,Electronics,152248.03,105389.51
TAR001322,2026-03-01,R022,Home,514420.43,107464.14
TAR001323,2026-03-01,R022,Fashion,598444.18,39353.45
TAR001324,2026-03-01,R022,Beauty,401119.86,102530.05
TAR001325,2026-03-01,R022,Sports,350790.85,97296.6
TAR001326,2026-03-01,R015,Electronics,627423.08,123694.66
TAR001327,2026-03-01,R015,Home,437129.6,119928.34
TAR001328,2026-03-01,R015,Fashion,511117.06,127611.43
TAR001329,2026-03-01,R015,Beauty,636381.29,84254.6
TAR001330,2026-03-01,R015,Sports,611378.62,93136.8
TAR001331,2026-03-01,R009,Electronics,570427.75,74019.94
TAR001332,2026-03-01,R009,Home,692548.85,103083.23
TAR001333,2026-03-01,R009,Fashion,290607.44,32484.67
TAR001334,2026-03-01,R009,Beauty,230260.31,36262.09
TAR001335,2026-03-01,R009,Sports,433841.55,25929.43
TAR001336,2026-03-01,R010,Electronics,325397.67,76882.05
TAR001337,2026-03-01,R010,Home,558745.11,32486.24
TAR001338,2026-03-01,R010,Fashion,563632.4,75871.49
TAR001339,2026-03-01,R010,Beauty,689712.41,96322.55
TAR001340,2026-03-01,R010,Sports,444662.26,100939.04
TAR001341,2026-03-01,R014,Electronics,396592.55,53855.83
TAR001342,2026-03-01,R014,Home,209890.46,103948.13
TAR001343,2026-03-01,R014,Fashion,611043.68,70016.42
TAR001344,2026-03-01,R014,Beauty,496536.7,87413.27
TAR001345,2026-03-01,R014,Sports,210794.57,50715.77
TAR001346,2026-03-01,R007,Electronics,169002.55,30552.09
TAR001347,2026-03-01,R007,Home,327696.64,121433.12
TAR001348,2026-03-01,R007,Fashion,245886.39,34008.98
TAR001349,2026-03-01,R007,Beauty,489188.35,99884.64
TAR001350,2026-03-01,R007,Sports,539439.7,78518.49
TAR001351,2026-04-01,R022,Electronics,615911.34,74685.29
TAR001352,2026-04-01,R022,Home,413267.46,100758.94
TAR001353,2026-04-01,R022,Fashion,428847.46,125458.02
TAR001354,2026-04-01,R022,Beauty,414778.11,109073.91
TAR001355,2026-04-01,R022,Sports,442515.06,76170.93
TAR001356,2026-04-01,R007,Electronics,184622.5,46949.03
TAR001357,2026-04-01,R007,Home,194598.51,59967.35
TAR001358,2026-04-01,R007,Fashion,471461.89,56473.74
TAR001359,2026-04-01,R007,Beauty,419067.06,63125.32
TAR001360,2026-04-01,R007,Sports,503453.7,81775.07
TAR001361,2026-04-01,R012,Electronics,311198.88,103697.2
TAR001362,2026-04-01,R012,Home,506272.52,107142.35
TAR001363,2026-04-01,R012,Fashion,332507.52,55076.92
TAR001364,2026-04-01,R012,Beauty,153565.89,80794.32
TAR001365,2026-04-01,R012,Sports,197384.63,123766.05
TAR001366,2026-04-01,R015,Electronics,445515.61,70865.19
TAR001367,2026-04-01,R015,Home,325789.11,75347.14
TAR001368,2026-04-01,R015,Fashion,417567.26,38678.21
TAR001369,2026-04-01,R015,Beauty,416692.3,55081.0
TAR001370,2026-04-01,R015,Sports,190909.76,36611.34
TAR001371,2026-04-01,R004,Electronics,363727.18,56639.88
TAR001372,2026-04-01,R004,Home,155847.97,99716.97
TAR001373,2026-04-01,R004,Fashion,532894.63,85093.58
TAR001374,2026-04-01,R004,Beauty,544620.18,103813.11
TAR001375,2026-04-01,R004,Sports,391114.61,97754.25
TAR001376,2026-04-01,R019,Electronics,567987.01,105327.16
TAR001377,2026-04-01,R019,Home,505087.81,104625.17
TAR001378,2026-04-01,R019,Fashion,337124.04,74705.94
TAR001379,2026-04-01,R019,Beauty,695002.36,27900.72
TAR001380,2026-04-01,R019,Sports,647307.97,30185.0
TAR001381,2026-04-01,R008,Electronics,611718.12,57748.35
TAR001382,2026-04-01,R008,Home,207317.98,57819.78
TAR001383,2026-04-01,R008,Fashion,322860.05,71978.2
TAR001384,2026-04-01,R008,Beauty,154646.51,127872.07
TAR001385,2026-04-01,R008,Sports,463226.26,99903.93
TAR001386,2026-04-01,R005,Electronics,545396.11,27199.95
TAR001387,2026-04-01,R005,Home,373365.18,100908.05
TAR001388,2026-04-01,R005,Fashion,566159.47,95040.45
TAR001389,2026-04-01,R005,Beauty,286189.04,65140.69
TAR001390,2026-04-01,R005,Sports,413098.82,36865.35
TAR001391,2026-04-01,R017,Electronics,447705.24,73144.81
TAR001392,2026-04-01,R017,Home,388862.61,91821.07
TAR001393,2026-04-01,R017,Fashion,622867.75,86707.8
TAR001394,2026-04-01,R017,Beauty,439915.32,40068.26
TAR001395,2026-04-01,R017,Sports,640757.36,85471.06
TAR001396,2026-04-01,R001,Electronics,260315.35,52669.57
TAR001397,2026-04-01,R001,Home,296572.99,39024.11
TAR001398,2026-04-01,R001,Fashion,556812.04,87987.32
TAR001399,2026-04-01,R001,Beauty,380633.54,47537.27
TAR001400,2026-04-01,R001,Sports,578545.4,55941.37
TAR001401,2026-05-01,R016,Electronics,601650.34,40445.74
TAR001402,2026-05-01,R016,Home,521362.45,104071.36
TAR001403,2026-05-01,R016,Fashion,416194.83,128694.76
TAR001404,2026-05-01,R016,Beauty,272107.56,29354.61
TAR001405,2026-05-01,R016,Sports,560108.41,69855.85
TAR001406,2026-05-01,R023,Electronics,549189.28,63160.61
TAR001407,2026-05-01,R023,Home,524321.17,128560.23
TAR001408,2026-05-01,R023,Fashion,153456.0,105844.67
TAR001409,2026-05-01,R023,Beauty,202498.21,70949.13
TAR001410,2026-05-01,R023,Sports,655576.19,53225.32
TAR001411,2026-05-01,R025,Electronics,427292.82,34744.83
TAR001412,2026-05-01,R025,Home,167035.15,71987.42
TAR001413,2026-05-01,R025,Fashion,356361.32,103589.79
TAR001414,2026-05-01,R025,Beauty,611170.81,106303.98
TAR001415,2026-05-01,R025,Sports,497956.55,58977.97
TAR001416,2026-05-01,R009,Electronics,539528.04,97359.29
TAR001417,2026-05-01,R009,Home,355951.53,30597.33
TAR001418,2026-05-01,R009,Fashion,501303.62,42142.49
TAR001419,2026-05-01,R009,Beauty,492666.82,87549.37
TAR001420,2026-05-01,R009,Sports,558633.14,44579.67
TAR001421,2026-05-01,R022,Electronics,413555.71,67824.28
TAR001422,2026-05-01,R022,Home,412316.3,97276.15
TAR001423,2026-05-01,R022,Fashion,618147.4,112359.34
TAR001424,2026-05-01,R022,Beauty,294885.69,26190.7
TAR001425,2026-05-01,R022,Sports,487410.91,115929.7
TAR001426,2026-05-01,R003,Electronics,509354.45,102966.12
TAR001427,2026-05-01,R003,Home,192549.89,51140.6
TAR001428,2026-05-01,R003,Fashion,644239.96,42509.65
TAR001429,2026-05-01,R003,Beauty,557667.77,119755.31
TAR001430,2026-05-01,R003,Sports,389810.94,82485.53
TAR001431,2026-05-01,R004,Electronics,696383.74,125829.61
TAR001432,2026-05-01,R004,Home,540983.11,70178.59
TAR001433,2026-05-01,R004,Fashion,160994.15,119857.18
TAR001434,2026-05-01,R004,Beauty,518801.99,74903.97
TAR001435,2026-05-01,R004,Sports,286727.49,106099.59
TAR001436,2026-05-01,R005,Electronics,489984.95,116590.38
TAR001437,2026-05-01,R005,Home,374166.2,107775.3
TAR001438,2026-05-01,R005,Fashion,476291.41,65250.26
TAR001439,2026-05-01,R005,Beauty,520311.62,35639.96
TAR001440,2026-05-01,R005,Sports,629713.28,116044.19
TAR001441,2026-05-01,R002,Electronics,402443.14,39119.13
TAR001442,2026-05-01,R002,Home,689646.41,90554.89
TAR001443,2026-05-01,R002,Fashion,174202.6,72606.66
TAR001444,2026-05-01,R002,Beauty,470091.39,53008.16
TAR001445,2026-05-01,R002,Sports,293706.05,58137.93
TAR001446,2026-05-01,R008,Electronics,650717.89,53362.53
TAR001447,2026-05-01,R008,Home,536287.2,120005.25
TAR001448,2026-05-01,R008,Fashion,643267.96,79067.84
TAR001449,2026-05-01,R008,Beauty,288592.3,60920.07
TAR001450,2026-05-01,R008,Sports,163320.17,66915.98
TAR001451,2026-06-01,R017,Electronics,192030.46,85512.62
TAR001452,2026-06-01,R017,Home,386001.72,105871.82
TAR001453,2026-06-01,R017,Fashion,162828.26,111055.67
TAR001454,2026-06-01,R017,Beauty,473107.71,58336.26
TAR001455,2026-06-01,R017,Sports,633709.03,129644.87
TAR001456,2026-06-01,R001,Electronics,428005.86,116459.69
TAR001457,2026-06-01,R001,Home,546841.9,45905.52
TAR001458,2026-06-01,R001,Fashion,411950.37,26996.51
TAR001459,2026-06-01,R001,Beauty,467165.93,44291.59
TAR001460,2026-06-01,R001,Sports,235864.79,99477.73
TAR001461,2026-06-01,R011,Electronics,364449.16,96473.36
TAR001462,2026-06-01,R011,Home,513449.84,90069.03
TAR001463,2026-06-01,R011,Fashion,545685.59,103128.02
TAR001464,2026-06-01,R011,Beauty,313434.19,111314.66
TAR001465,2026-06-01,R011,Sports,645181.03,113946.32
TAR001466,2026-06-01,R010,Electronics,642826.38,49037.23
TAR001467,2026-06-01,R010,Home,484482.71,40858.38
TAR001468,2026-06-01,R010,Fashion,349729.42,72339.85
TAR001469,2026-06-01,R010,Beauty,324970.9,25964.6
TAR001470,2026-06-01,R010,Sports,554120.9,75402.43
TAR001471,2026-06-01,R022,Electronics,235774.46,71954.57
TAR001472,2026-06-01,R022,Home,658041.58,78963.01
TAR001473,2026-06-01,R022,Fashion,210398.54,117990.0
TAR001474,2026-06-01,R022,Beauty,328826.04,90316.28
TAR001475,2026-06-01,R022,Sports,154880.17,48462.82
TAR001476,2026-06-01,R018,Electronics,185407.14,90780.32
TAR001477,2026-06-01,R018,Home,205663.92,110285.45
TAR001478,2026-06-01,R018,Fashion,563977.28,78297.89
TAR001479,2026-06-01,R018,Beauty,451885.68,94055.47
TAR001480,2026-06-01,R018,Sports,278133.69,42904.0
TAR001481,2026-06-01,R005,Electronics,245045.76,59607.21
TAR001482,2026-06-01,R005,Home,152513.02,35703.55
TAR001483,2026-06-01,R005,Fashion,460332.45,126098.14
TAR001484,2026-06-01,R005,Beauty,428120.16,93324.41
TAR001485,2026-06-01,R005,Sports,648416.85,127565.12
TAR001486,2026-06-01,R021,Electronics,351996.24,73762.29
TAR001487,2026-06-01,R021,Home,692998.49,73029.06
TAR001488,2026-06-01,R021,Fashion,397937.75,50010.53
TAR001489,2026-06-01,R021,Beauty,442142.34,33166.14
TAR001490,2026-06-01,R021,Sports,462265.32,88077.24
TAR001491,2026-06-01,R025,Electronics,288755.11,27497.29
TAR001492,2026-06-01,R025,Home,422052.69,72806.12
TAR001493,2026-06-01,R025,Fashion,372129.73,40209.54
TAR001494,2026-06-01,R025,Beauty,177225.89,106075.68
TAR001495,2026-06-01,R025,Sports,153644.09,89873.22
TAR001496,2026-06-01,R016,Electronics,505452.32,43524.12
TAR001497,2026-06-01,R016,Home,511088.41,42033.53
TAR001498,2026-06-01,R016,Fashion,191002.2,118279.2
TAR001499,2026-06-01,R016,Beauty,225171.22,65333.75
TAR001500,2026-06-01,R016,Sports,151217.72,129952.09
